{"@timestamp":"2026-05-22T12:57:39.128Z","@fields":{"code":"MODULE_NOT_FOUND","requireStack":["/Users/designlab/Desktop/personal/sci-backend/app/helpers/fileData.js","/Users/designlab/Desktop/personal/sci-backend/app/controllers/user/trade.js","/Users/designlab/Desktop/personal/sci-backend/app/routes/api/trade.js","/Users/designlab/Desktop/personal/sci-backend/app/routes/api/index.js","/Users/designlab/Desktop/personal/sci-backend/bootstrap/routes.js","/Users/designlab/Desktop/personal/sci-backend/bootstrap/bootup.js","/Users/designlab/Desktop/personal/sci-backend/index.js"],"level":"error"}}
{"@message":"App started on 8282","@timestamp":"2026-05-22T12:57:39.139Z","@fields":{"level":"info"}}
{"@message":"DB Connected on port: 27017...","@timestamp":"2026-05-22T12:57:39.182Z","@fields":{"level":"info"}}
{"@timestamp":"2026-05-22T13:01:10.171Z","@fields":{"code":"MODULE_NOT_FOUND","requireStack":["/Users/designlab/Desktop/personal/sci-backend/app/helpers/fileData.js","/Users/designlab/Desktop/personal/sci-backend/app/controllers/user/trade.js","/Users/designlab/Desktop/personal/sci-backend/app/routes/api/trade.js","/Users/designlab/Desktop/personal/sci-backend/app/routes/api/index.js","/Users/designlab/Desktop/personal/sci-backend/bootstrap/routes.js","/Users/designlab/Desktop/personal/sci-backend/bootstrap/bootup.js","/Users/designlab/Desktop/personal/sci-backend/index.js"],"level":"error"}}
{"@message":"App started on 8282","@timestamp":"2026-05-22T13:01:10.181Z","@fields":{"level":"info"}}
{"@message":"DB Connected on port: 27017...","@timestamp":"2026-05-22T13:01:10.216Z","@fields":{"level":"info"}}
{"@timestamp":"2026-05-22T13:01:27.864Z","@fields":{"code":"MODULE_NOT_FOUND","requireStack":["/Users/designlab/Desktop/personal/sci-backend/app/helpers/fileData.js","/Users/designlab/Desktop/personal/sci-backend/app/controllers/user/trade.js","/Users/designlab/Desktop/personal/sci-backend/app/routes/api/trade.js","/Users/designlab/Desktop/personal/sci-backend/app/routes/api/index.js","/Users/designlab/Desktop/personal/sci-backend/bootstrap/routes.js","/Users/designlab/Desktop/personal/sci-backend/bootstrap/bootup.js","/Users/designlab/Desktop/personal/sci-backend/index.js"],"level":"error"}}
{"@message":"App started on 8282","@timestamp":"2026-05-22T13:01:27.884Z","@fields":{"level":"info"}}
{"@message":"DB Connected on port: 27017...","@timestamp":"2026-05-22T13:01:27.912Z","@fields":{"level":"info"}}
{"@timestamp":"2026-05-22T13:01:59.776Z","@fields":{"code":"MODULE_NOT_FOUND","requireStack":["/Users/designlab/Desktop/personal/sci-backend/app/helpers/fileData.js","/Users/designlab/Desktop/personal/sci-backend/app/controllers/user/trade.js","/Users/designlab/Desktop/personal/sci-backend/app/routes/api/trade.js","/Users/designlab/Desktop/personal/sci-backend/app/routes/api/index.js","/Users/designlab/Desktop/personal/sci-backend/bootstrap/routes.js","/Users/designlab/Desktop/personal/sci-backend/bootstrap/bootup.js","/Users/designlab/Desktop/personal/sci-backend/index.js"],"level":"error"}}
{"@message":"App started on 8282","@timestamp":"2026-05-22T13:01:59.787Z","@fields":{"level":"info"}}
{"@message":"DB Connected on port: 27017...","@timestamp":"2026-05-22T13:01:59.814Z","@fields":{"level":"info"}}
{"@timestamp":"2026-05-22T13:03:00.531Z","@fields":{"code":"MODULE_NOT_FOUND","requireStack":["/Users/designlab/Desktop/personal/sci-backend/app/helpers/fileData.js","/Users/designlab/Desktop/personal/sci-backend/app/controllers/user/trade.js","/Users/designlab/Desktop/personal/sci-backend/app/routes/api/trade.js","/Users/designlab/Desktop/personal/sci-backend/app/routes/api/index.js","/Users/designlab/Desktop/personal/sci-backend/bootstrap/routes.js","/Users/designlab/Desktop/personal/sci-backend/bootstrap/bootup.js","/Users/designlab/Desktop/personal/sci-backend/index.js"],"level":"error"}}
{"@message":"App started on 8282","@timestamp":"2026-05-22T13:03:00.543Z","@fields":{"level":"info"}}
{"@timestamp":"2026-05-22T13:04:09.687Z","@fields":{"code":"MODULE_NOT_FOUND","requireStack":["/Users/designlab/Desktop/personal/sci-backend/app/helpers/fileData.js","/Users/designlab/Desktop/personal/sci-backend/app/controllers/user/trade.js","/Users/designlab/Desktop/personal/sci-backend/app/routes/api/trade.js","/Users/designlab/Desktop/personal/sci-backend/app/routes/api/index.js","/Users/designlab/Desktop/personal/sci-backend/bootstrap/routes.js","/Users/designlab/Desktop/personal/sci-backend/bootstrap/bootup.js","/Users/designlab/Desktop/personal/sci-backend/index.js"],"level":"error"}}
{"@message":"App started on 8282","@timestamp":"2026-05-22T13:04:09.697Z","@fields":{"level":"info"}}
{"@timestamp":"2026-05-22T13:05:39.143Z","@fields":{"code":"MODULE_NOT_FOUND","requireStack":["/Users/designlab/Desktop/personal/sci-backend/app/helpers/fileData.js","/Users/designlab/Desktop/personal/sci-backend/app/controllers/user/trade.js","/Users/designlab/Desktop/personal/sci-backend/app/routes/api/trade.js","/Users/designlab/Desktop/personal/sci-backend/app/routes/api/index.js","/Users/designlab/Desktop/personal/sci-backend/bootstrap/routes.js","/Users/designlab/Desktop/personal/sci-backend/bootstrap/bootup.js","/Users/designlab/Desktop/personal/sci-backend/index.js"],"level":"error"}}
{"@message":"App started on 8282","@timestamp":"2026-05-22T13:05:39.155Z","@fields":{"level":"info"}}
{"@timestamp":"2026-05-22T13:06:59.248Z","@fields":{"code":"MODULE_NOT_FOUND","requireStack":["/Users/designlab/Desktop/personal/sci-backend/app/helpers/fileData.js","/Users/designlab/Desktop/personal/sci-backend/app/controllers/user/trade.js","/Users/designlab/Desktop/personal/sci-backend/app/routes/api/trade.js","/Users/designlab/Desktop/personal/sci-backend/app/routes/api/index.js","/Users/designlab/Desktop/personal/sci-backend/bootstrap/routes.js","/Users/designlab/Desktop/personal/sci-backend/bootstrap/bootup.js","/Users/designlab/Desktop/personal/sci-backend/index.js"],"level":"error"}}
{"@message":"App started on 8282","@timestamp":"2026-05-22T13:06:59.261Z","@fields":{"level":"info"}}
{"@message":"DB Connected on port: 27017...","@timestamp":"2026-05-22T13:06:59.321Z","@fields":{"level":"info"}}
{"@message":"App started on 8282","@timestamp":"2026-05-22T13:16:15.133Z","@fields":{"level":"info"}}
{"@message":"DB Connected on port: 27017...","@timestamp":"2026-05-22T13:16:15.199Z","@fields":{"level":"info"}}
{"@message":"App started on 8282","@timestamp":"2026-05-22T13:17:07.783Z","@fields":{"level":"info"}}
{"@message":"DB Connected on port: 27017...","@timestamp":"2026-05-22T13:17:07.843Z","@fields":{"level":"info"}}
{"@message":"App started on 8282","@timestamp":"2026-05-22T13:17:51.380Z","@fields":{"level":"info"}}
{"@message":"DB Connected on port: 27017...","@timestamp":"2026-05-22T13:17:51.442Z","@fields":{"level":"info"}}
{"@message":"App started on 8282","@timestamp":"2026-05-22T13:56:39.570Z","@fields":{"level":"info"}}
{"@message":"DB Connected on port: 27017...","@timestamp":"2026-05-22T13:56:39.650Z","@fields":{"level":"info"}}
{"@message":"DB Connected on port: 27017...","@timestamp":"2026-05-22T13:57:40.294Z","@fields":{"level":"info"}}
{"@message":"DB Connected on port: 27017...","@timestamp":"2026-05-22T13:57:40.967Z","@fields":{"level":"info"}}
{"@message":"DB Connected on port: 27017...","@timestamp":"2026-05-22T13:57:41.969Z","@fields":{"level":"info"}}
{"@message":"DB Connected on port: 27017...","@timestamp":"2026-05-22T13:57:42.970Z","@fields":{"level":"info"}}
{"@message":"DB Connected on port: 27017...","@timestamp":"2026-05-22T13:57:43.971Z","@fields":{"level":"info"}}
{"@message":"DB Connected on port: 27017...","@timestamp":"2026-05-22T13:57:44.974Z","@fields":{"level":"info"}}
{"@message":"DB Connected on port: 27017...","@timestamp":"2026-05-22T13:57:45.974Z","@fields":{"level":"info"}}
{"@message":"DB Connected on port: 27017...","@timestamp":"2026-05-22T13:57:46.974Z","@fields":{"level":"info"}}
{"@message":"DB Connected on port: 27017...","@timestamp":"2026-05-22T13:57:47.982Z","@fields":{"level":"info"}}
{"@message":"DB Connected on port: 27017...","@timestamp":"2026-05-22T13:57:49.417Z","@fields":{"level":"info"}}
{"@message":"DB Connected on port: 27017...","@timestamp":"2026-05-22T13:57:50.416Z","@fields":{"level":"info"}}
{"@message":"DB Connected on port: 27017...","@timestamp":"2026-05-22T13:57:51.421Z","@fields":{"level":"info"}}
{"@message":"DB Connected on port: 27017...","@timestamp":"2026-05-22T13:57:52.417Z","@fields":{"level":"info"}}
{"@message":"DB Connected on port: 27017...","@timestamp":"2026-05-22T13:57:53.419Z","@fields":{"level":"info"}}
{"@message":"DB Connected on port: 27017...","@timestamp":"2026-05-22T13:57:54.421Z","@fields":{"level":"info"}}
{"@message":"DB Connected on port: 27017...","@timestamp":"2026-05-22T13:57:55.420Z","@fields":{"level":"info"}}
{"@message":"DB Connected on port: 27017...","@timestamp":"2026-05-22T13:57:56.421Z","@fields":{"level":"info"}}
{"@message":"DB Connected on port: 27017...","@timestamp":"2026-05-22T13:57:57.423Z","@fields":{"level":"info"}}
{"@message":"DB Connected on port: 27017...","@timestamp":"2026-05-22T13:57:58.420Z","@fields":{"level":"info"}}
{"@message":"DB Connected on port: 27017...","@timestamp":"2026-05-22T13:57:59.422Z","@fields":{"level":"info"}}
{"@message":"\u001b[39m\u001b[32mCommunicating with Spreadsheet...\n","@timestamp":"2026-05-22T13:58:00.556Z","@fields":{"level":"info"}}
{"@message":"DB Connected on port: 27017...","@timestamp":"2026-05-22T13:58:00.566Z","@fields":{"level":"info"}}
{"@message":"DB Connected on port: 27017...","@timestamp":"2026-05-22T13:58:01.425Z","@fields":{"level":"info"}}
{"@message":"DB Connected on port: 27017...","@timestamp":"2026-05-22T13:58:02.431Z","@fields":{"level":"info"}}
{"@message":"DB Connected on port: 27017...","@timestamp":"2026-05-22T13:58:03.428Z","@fields":{"level":"info"}}
{"@message":"DB Connected on port: 27017...","@timestamp":"2026-05-22T13:58:04.434Z","@fields":{"level":"info"}}
{"@message":"\u001b[39m\u001b[32mUpdated Report information....\n","@timestamp":"2026-05-22T13:58:05.231Z","@fields":{"level":"info"}}
{"@message":"DB Connected on port: 27017...","@timestamp":"2026-05-22T13:58:05.430Z","@fields":{"level":"info"}}
{"@message":"DB Connected on port: 27017...","@timestamp":"2026-05-22T13:58:06.434Z","@fields":{"level":"info"}}
{"@message":"DB Connected on port: 27017...","@timestamp":"2026-05-22T13:58:07.435Z","@fields":{"level":"info"}}
{"@message":"DB Connected on port: 27017...","@timestamp":"2026-05-22T13:58:08.443Z","@fields":{"level":"info"}}
{"@message":"DB Connected on port: 27017...","@timestamp":"2026-05-22T13:58:09.438Z","@fields":{"level":"info"}}
{"@message":"DB Connected on port: 27017...","@timestamp":"2026-05-22T13:58:10.438Z","@fields":{"level":"info"}}
{"@message":"DB Connected on port: 27017...","@timestamp":"2026-05-22T13:58:11.487Z","@fields":{"level":"info"}}
{"@message":"DB Connected on port: 27017...","@timestamp":"2026-05-22T13:58:12.500Z","@fields":{"level":"info"}}
{"@message":"DB Connected on port: 27017...","@timestamp":"2026-05-22T13:58:13.489Z","@fields":{"level":"info"}}
{"@message":"DB Connected on port: 27017...","@timestamp":"2026-05-22T13:58:14.490Z","@fields":{"level":"info"}}
{"@message":"DB Connected on port: 27017...","@timestamp":"2026-05-22T13:58:15.490Z","@fields":{"level":"info"}}
{"@message":"DB Connected on port: 27017...","@timestamp":"2026-05-22T13:58:16.491Z","@fields":{"level":"info"}}
{"@message":"DB Connected on port: 27017...","@timestamp":"2026-05-22T13:58:17.492Z","@fields":{"level":"info"}}
{"@message":"DB Connected on port: 27017...","@timestamp":"2026-05-22T13:58:18.498Z","@fields":{"level":"info"}}
{"@message":"DB Connected on port: 27017...","@timestamp":"2026-05-22T13:58:19.494Z","@fields":{"level":"info"}}
{"@message":"DB Connected on port: 27017...","@timestamp":"2026-05-22T13:58:20.501Z","@fields":{"level":"info"}}
{"@message":"DB Connected on port: 27017...","@timestamp":"2026-05-22T13:58:21.495Z","@fields":{"level":"info"}}
{"@message":"DB Connected on port: 27017...","@timestamp":"2026-05-22T13:58:22.496Z","@fields":{"level":"info"}}
{"@message":"DB Connected on port: 27017...","@timestamp":"2026-05-22T13:58:23.498Z","@fields":{"level":"info"}}
{"@message":"DB Connected on port: 27017...","@timestamp":"2026-05-22T13:58:24.503Z","@fields":{"level":"info"}}
{"@message":"DB Connected on port: 27017...","@timestamp":"2026-05-22T13:58:25.511Z","@fields":{"level":"info"}}
{"@message":"DB Connected on port: 27017...","@timestamp":"2026-05-22T13:58:26.508Z","@fields":{"level":"info"}}
{"@message":"DB Connected on port: 27017...","@timestamp":"2026-05-22T13:58:27.508Z","@fields":{"level":"info"}}
{"@message":"DB Connected on port: 27017...","@timestamp":"2026-05-22T13:58:28.511Z","@fields":{"level":"info"}}
{"@message":"DB Connected on port: 27017...","@timestamp":"2026-05-22T13:58:29.509Z","@fields":{"level":"info"}}
{"@message":"DB Connected on port: 27017...","@timestamp":"2026-05-22T13:58:30.509Z","@fields":{"level":"info"}}
{"@message":"DB Connected on port: 27017...","@timestamp":"2026-05-22T13:58:31.512Z","@fields":{"level":"info"}}
{"@message":"DB Connected on port: 27017...","@timestamp":"2026-05-22T13:58:32.510Z","@fields":{"level":"info"}}
{"@message":"DB Connected on port: 27017...","@timestamp":"2026-05-22T13:58:33.511Z","@fields":{"level":"info"}}
{"@message":"DB Connected on port: 27017...","@timestamp":"2026-05-22T13:58:34.512Z","@fields":{"level":"info"}}
{"@message":"DB Connected on port: 27017...","@timestamp":"2026-05-22T13:58:35.514Z","@fields":{"level":"info"}}
{"@message":"DB Connected on port: 27017...","@timestamp":"2026-05-22T13:58:36.522Z","@fields":{"level":"info"}}
{"@message":"DB Connected on port: 27017...","@timestamp":"2026-05-22T13:58:37.516Z","@fields":{"level":"info"}}
{"@message":"DB Connected on port: 27017...","@timestamp":"2026-05-22T13:58:38.519Z","@fields":{"level":"info"}}
{"@message":"DB Connected on port: 27017...","@timestamp":"2026-05-22T13:58:39.517Z","@fields":{"level":"info"}}
{"@message":"Extracted reports","@timestamp":"2026-05-22T13:58:39.657Z","@fields":{"level":"info"}}
{"@message":"DB Connected on port: 27017...","@timestamp":"2026-05-22T13:58:40.525Z","@fields":{"level":"info"}}
{"@message":"DB Connected on port: 27017...","@timestamp":"2026-05-22T13:58:41.520Z","@fields":{"level":"info"}}
{"@message":"DB Connected on port: 27017...","@timestamp":"2026-05-22T13:58:42.522Z","@fields":{"level":"info"}}
{"@message":"DB Connected on port: 27017...","@timestamp":"2026-05-22T13:58:43.523Z","@fields":{"level":"info"}}
{"@message":"DB Connected on port: 27017...","@timestamp":"2026-05-22T13:58:44.525Z","@fields":{"level":"info"}}
{"@message":"DB Connected on port: 27017...","@timestamp":"2026-05-22T13:58:45.525Z","@fields":{"level":"info"}}
{"@message":"DB Connected on port: 27017...","@timestamp":"2026-05-22T13:58:46.532Z","@fields":{"level":"info"}}
{"@message":"DB Connected on port: 27017...","@timestamp":"2026-05-22T13:58:47.529Z","@fields":{"level":"info"}}
{"@message":"DB Connected on port: 27017...","@timestamp":"2026-05-22T13:58:48.538Z","@fields":{"level":"info"}}
{"@message":"DB Connected on port: 27017...","@timestamp":"2026-05-22T13:58:49.570Z","@fields":{"level":"info"}}
{"@message":"DB Connected on port: 27017...","@timestamp":"2026-05-22T13:58:50.534Z","@fields":{"level":"info"}}
{"@message":"DB Connected on port: 27017...","@timestamp":"2026-05-22T13:58:51.535Z","@fields":{"level":"info"}}
{"@message":"DB Connected on port: 27017...","@timestamp":"2026-05-22T13:58:52.536Z","@fields":{"level":"info"}}
{"@message":"DB Connected on port: 27017...","@timestamp":"2026-05-22T13:58:53.536Z","@fields":{"level":"info"}}
{"@message":"DB Connected on port: 27017...","@timestamp":"2026-05-22T13:58:54.536Z","@fields":{"level":"info"}}
{"@message":"DB Connected on port: 27017...","@timestamp":"2026-05-22T13:58:55.536Z","@fields":{"level":"info"}}
{"@message":"DB Connected on port: 27017...","@timestamp":"2026-05-22T13:58:56.539Z","@fields":{"level":"info"}}
{"@message":"DB Connected on port: 27017...","@timestamp":"2026-05-22T13:58:57.538Z","@fields":{"level":"info"}}
{"@message":"DB Connected on port: 27017...","@timestamp":"2026-05-22T13:58:58.543Z","@fields":{"level":"info"}}
{"@message":"DB Connected on port: 27017...","@timestamp":"2026-05-22T13:58:59.540Z","@fields":{"level":"info"}}
{"@message":"\u001b[39m\u001b[32mCommunicating with Spreadsheet...\n","@timestamp":"2026-05-22T13:59:00.542Z","@fields":{"level":"info"}}
{"@message":"DB Connected on port: 27017...","@timestamp":"2026-05-22T13:59:00.563Z","@fields":{"level":"info"}}
{"@message":"DB Connected on port: 27017...","@timestamp":"2026-05-22T13:59:01.546Z","@fields":{"level":"info"}}
{"@message":"DB Connected on port: 27017...","@timestamp":"2026-05-22T13:59:02.545Z","@fields":{"level":"info"}}
{"@message":"\u001b[39m\u001b[32mUpdated Report information....\n","@timestamp":"2026-05-22T13:59:03.323Z","@fields":{"level":"info"}}
{"@message":"DB Connected on port: 27017...","@timestamp":"2026-05-22T13:59:03.548Z","@fields":{"level":"info"}}
{"@message":"DB Connected on port: 27017...","@timestamp":"2026-05-22T13:59:04.549Z","@fields":{"level":"info"}}
{"@message":"DB Connected on port: 27017...","@timestamp":"2026-05-22T13:59:05.549Z","@fields":{"level":"info"}}
{"@message":"DB Connected on port: 27017...","@timestamp":"2026-05-22T13:59:06.549Z","@fields":{"level":"info"}}
{"@message":"DB Connected on port: 27017...","@timestamp":"2026-05-22T13:59:07.554Z","@fields":{"level":"info"}}
{"@message":"DB Connected on port: 27017...","@timestamp":"2026-05-22T13:59:08.561Z","@fields":{"level":"info"}}
{"@message":"DB Connected on port: 27017...","@timestamp":"2026-05-22T13:59:09.551Z","@fields":{"level":"info"}}
{"@message":"DB Connected on port: 27017...","@timestamp":"2026-05-22T13:59:10.553Z","@fields":{"level":"info"}}
{"@message":"DB Connected on port: 27017...","@timestamp":"2026-05-22T13:59:11.554Z","@fields":{"level":"info"}}
{"@message":"DB Connected on port: 27017...","@timestamp":"2026-05-22T13:59:12.556Z","@fields":{"level":"info"}}
{"@message":"DB Connected on port: 27017...","@timestamp":"2026-05-22T13:59:13.558Z","@fields":{"level":"info"}}
{"@message":"DB Connected on port: 27017...","@timestamp":"2026-05-22T13:59:14.559Z","@fields":{"level":"info"}}
{"@message":"DB Connected on port: 27017...","@timestamp":"2026-05-22T13:59:15.557Z","@fields":{"level":"info"}}
{"@message":"DB Connected on port: 27017...","@timestamp":"2026-05-22T13:59:16.566Z","@fields":{"level":"info"}}
{"@message":"DB Connected on port: 27017...","@timestamp":"2026-05-22T13:59:17.563Z","@fields":{"level":"info"}}
{"@message":"DB Connected on port: 27017...","@timestamp":"2026-05-22T13:59:18.562Z","@fields":{"level":"info"}}
{"@message":"DB Connected on port: 27017...","@timestamp":"2026-05-22T13:59:19.564Z","@fields":{"level":"info"}}
{"@message":"DB Connected on port: 27017...","@timestamp":"2026-05-22T13:59:20.565Z","@fields":{"level":"info"}}
{"@message":"DB Connected on port: 27017...","@timestamp":"2026-05-22T13:59:21.566Z","@fields":{"level":"info"}}
{"@message":"DB Connected on port: 27017...","@timestamp":"2026-05-22T13:59:22.568Z","@fields":{"level":"info"}}
{"@message":"DB Connected on port: 27017...","@timestamp":"2026-05-22T13:59:23.567Z","@fields":{"level":"info"}}
{"@message":"DB Connected on port: 27017...","@timestamp":"2026-05-22T13:59:24.568Z","@fields":{"level":"info"}}
{"@message":"DB Connected on port: 27017...","@timestamp":"2026-05-22T13:59:25.596Z","@fields":{"level":"info"}}
{"@message":"DB Connected on port: 27017...","@timestamp":"2026-05-22T13:59:26.574Z","@fields":{"level":"info"}}
{"@message":"DB Connected on port: 27017...","@timestamp":"2026-05-22T13:59:27.579Z","@fields":{"level":"info"}}
{"@message":"DB Connected on port: 27017...","@timestamp":"2026-05-22T13:59:28.578Z","@fields":{"level":"info"}}
{"@message":"DB Connected on port: 27017...","@timestamp":"2026-05-22T13:59:29.579Z","@fields":{"level":"info"}}
{"@message":"DB Connected on port: 27017...","@timestamp":"2026-05-22T13:59:30.582Z","@fields":{"level":"info"}}
{"@message":"DB Connected on port: 27017...","@timestamp":"2026-05-22T13:59:31.585Z","@fields":{"level":"info"}}
{"@message":"DB Connected on port: 27017...","@timestamp":"2026-05-22T13:59:32.584Z","@fields":{"level":"info"}}
{"@message":"DB Connected on port: 27017...","@timestamp":"2026-05-22T13:59:33.586Z","@fields":{"level":"info"}}
{"@message":"DB Connected on port: 27017...","@timestamp":"2026-05-22T13:59:34.590Z","@fields":{"level":"info"}}
{"@message":"DB Connected on port: 27017...","@timestamp":"2026-05-22T13:59:35.589Z","@fields":{"level":"info"}}
{"@message":"DB Connected on port: 27017...","@timestamp":"2026-05-22T13:59:36.587Z","@fields":{"level":"info"}}
{"@message":"DB Connected on port: 27017...","@timestamp":"2026-05-22T13:59:37.591Z","@fields":{"level":"info"}}
{"@message":"DB Connected on port: 27017...","@timestamp":"2026-05-22T13:59:38.592Z","@fields":{"level":"info"}}
{"@message":"DB Connected on port: 27017...","@timestamp":"2026-05-22T13:59:39.595Z","@fields":{"level":"info"}}
{"@message":"DB Connected on port: 27017...","@timestamp":"2026-05-22T13:59:40.591Z","@fields":{"level":"info"}}
{"@message":"DB Connected on port: 27017...","@timestamp":"2026-05-22T13:59:41.595Z","@fields":{"level":"info"}}
{"@message":"DB Connected on port: 27017...","@timestamp":"2026-05-22T13:59:42.594Z","@fields":{"level":"info"}}
{"@message":"DB Connected on port: 27017...","@timestamp":"2026-05-22T13:59:43.596Z","@fields":{"level":"info"}}
{"@message":"DB Connected on port: 27017...","@timestamp":"2026-05-22T13:59:44.596Z","@fields":{"level":"info"}}
{"@message":"DB Connected on port: 27017...","@timestamp":"2026-05-22T13:59:45.609Z","@fields":{"level":"info"}}
{"@message":"DB Connected on port: 27017...","@timestamp":"2026-05-22T13:59:46.602Z","@fields":{"level":"info"}}
{"@message":"DB Connected on port: 27017...","@timestamp":"2026-05-22T13:59:47.602Z","@fields":{"level":"info"}}
{"@message":"DB Connected on port: 27017...","@timestamp":"2026-05-22T13:59:48.603Z","@fields":{"level":"info"}}
{"@message":"DB Connected on port: 27017...","@timestamp":"2026-05-22T13:59:49.605Z","@fields":{"level":"info"}}
{"@message":"DB Connected on port: 27017...","@timestamp":"2026-05-22T13:59:50.606Z","@fields":{"level":"info"}}
{"@message":"DB Connected on port: 27017...","@timestamp":"2026-05-22T13:59:51.606Z","@fields":{"level":"info"}}
{"@message":"DB Connected on port: 27017...","@timestamp":"2026-05-22T13:59:52.610Z","@fields":{"level":"info"}}
{"@message":"DB Connected on port: 27017...","@timestamp":"2026-05-22T13:59:53.609Z","@fields":{"level":"info"}}
{"@message":"DB Connected on port: 27017...","@timestamp":"2026-05-22T13:59:54.609Z","@fields":{"level":"info"}}
{"@message":"DB Connected on port: 27017...","@timestamp":"2026-05-22T13:59:55.610Z","@fields":{"level":"info"}}
{"@message":"DB Connected on port: 27017...","@timestamp":"2026-05-22T13:59:56.610Z","@fields":{"level":"info"}}
{"@message":"DB Connected on port: 27017...","@timestamp":"2026-05-22T13:59:57.613Z","@fields":{"level":"info"}}
{"@message":"DB Connected on port: 27017...","@timestamp":"2026-05-22T13:59:58.614Z","@fields":{"level":"info"}}
{"@message":"DB Connected on port: 27017...","@timestamp":"2026-05-22T13:59:59.614Z","@fields":{"level":"info"}}
{"@message":"\u001b[39m\u001b[32mCommunicating with Spreadsheet...\n","@timestamp":"2026-05-22T14:00:00.634Z","@fields":{"level":"info"}}
{"@message":"DB Connected on port: 27017...","@timestamp":"2026-05-22T14:00:00.649Z","@fields":{"level":"info"}}
{"@message":"DB Connected on port: 27017...","@timestamp":"2026-05-22T14:00:01.619Z","@fields":{"level":"info"}}
{"@message":"DB Connected on port: 27017...","@timestamp":"2026-05-22T14:00:02.656Z","@fields":{"level":"info"}}
{"@message":"\u001b[39m\u001b[32mUpdated Report information....\n","@timestamp":"2026-05-22T14:00:03.313Z","@fields":{"level":"info"}}
{"@message":"DB Connected on port: 27017...","@timestamp":"2026-05-22T14:00:03.623Z","@fields":{"level":"info"}}
{"@message":"DB Connected on port: 27017...","@timestamp":"2026-05-22T14:00:04.623Z","@fields":{"level":"info"}}
{"@message":"DB Connected on port: 27017...","@timestamp":"2026-05-22T14:00:05.623Z","@fields":{"level":"info"}}
{"@message":"DB Connected on port: 27017...","@timestamp":"2026-05-22T14:00:06.623Z","@fields":{"level":"info"}}
{"@message":"DB Connected on port: 27017...","@timestamp":"2026-05-22T14:00:07.625Z","@fields":{"level":"info"}}
{"@message":"DB Connected on port: 27017...","@timestamp":"2026-05-22T14:00:08.635Z","@fields":{"level":"info"}}
{"@message":"DB Connected on port: 27017...","@timestamp":"2026-05-22T14:00:09.767Z","@fields":{"level":"info"}}
{"@message":"DB Connected on port: 27017...","@timestamp":"2026-05-22T14:00:10.764Z","@fields":{"level":"info"}}
{"@message":"DB Connected on port: 27017...","@timestamp":"2026-05-22T14:00:11.768Z","@fields":{"level":"info"}}
{"@message":"DB Connected on port: 27017...","@timestamp":"2026-05-22T14:00:12.766Z","@fields":{"level":"info"}}
{"@message":"DB Connected on port: 27017...","@timestamp":"2026-05-22T14:00:13.767Z","@fields":{"level":"info"}}
{"@message":"DB Connected on port: 27017...","@timestamp":"2026-05-22T14:00:14.766Z","@fields":{"level":"info"}}
{"@message":"DB Connected on port: 27017...","@timestamp":"2026-05-22T14:00:15.773Z","@fields":{"level":"info"}}
{"@message":"DB Connected on port: 27017...","@timestamp":"2026-05-22T14:00:16.766Z","@fields":{"level":"info"}}
{"@message":"DB Connected on port: 27017...","@timestamp":"2026-05-22T14:00:17.768Z","@fields":{"level":"info"}}
{"@message":"DB Connected on port: 27017...","@timestamp":"2026-05-22T14:00:18.777Z","@fields":{"level":"info"}}
{"@message":"DB Connected on port: 27017...","@timestamp":"2026-05-22T14:00:19.772Z","@fields":{"level":"info"}}
{"@message":"DB Connected on port: 27017...","@timestamp":"2026-05-22T14:00:21.314Z","@fields":{"level":"info"}}
{"@message":"DB Connected on port: 27017...","@timestamp":"2026-05-22T14:00:22.314Z","@fields":{"level":"info"}}
{"@message":"DB Connected on port: 27017...","@timestamp":"2026-05-22T14:00:23.314Z","@fields":{"level":"info"}}
{"@message":"DB Connected on port: 27017...","@timestamp":"2026-05-22T14:00:24.317Z","@fields":{"level":"info"}}
{"@message":"DB Connected on port: 27017...","@timestamp":"2026-05-22T14:00:25.320Z","@fields":{"level":"info"}}
{"@message":"DB Connected on port: 27017...","@timestamp":"2026-05-22T14:00:26.324Z","@fields":{"level":"info"}}
{"@message":"DB Connected on port: 27017...","@timestamp":"2026-05-22T14:00:27.322Z","@fields":{"level":"info"}}
{"@message":"DB Connected on port: 27017...","@timestamp":"2026-05-22T14:00:28.323Z","@fields":{"level":"info"}}
{"@message":"DB Connected on port: 27017...","@timestamp":"2026-05-22T14:00:29.327Z","@fields":{"level":"info"}}
{"@message":"DB Connected on port: 27017...","@timestamp":"2026-05-22T14:00:30.335Z","@fields":{"level":"info"}}
{"@message":"DB Connected on port: 27017...","@timestamp":"2026-05-22T14:00:31.329Z","@fields":{"level":"info"}}
{"@message":"DB Connected on port: 27017...","@timestamp":"2026-05-22T14:00:32.329Z","@fields":{"level":"info"}}
{"@message":"DB Connected on port: 27017...","@timestamp":"2026-05-22T14:00:33.328Z","@fields":{"level":"info"}}
{"@message":"DB Connected on port: 27017...","@timestamp":"2026-05-22T14:00:34.328Z","@fields":{"level":"info"}}
{"@message":"DB Connected on port: 27017...","@timestamp":"2026-05-22T14:00:35.330Z","@fields":{"level":"info"}}
{"@message":"DB Connected on port: 27017...","@timestamp":"2026-05-22T14:00:36.343Z","@fields":{"level":"info"}}
{"@message":"DB Connected on port: 27017...","@timestamp":"2026-05-22T14:00:37.333Z","@fields":{"level":"info"}}
{"@message":"DB Connected on port: 27017...","@timestamp":"2026-05-22T14:00:38.332Z","@fields":{"level":"info"}}
{"@message":"DB Connected on port: 27017...","@timestamp":"2026-05-22T14:00:39.333Z","@fields":{"level":"info"}}
{"@message":"DB Connected on port: 27017...","@timestamp":"2026-05-22T14:00:40.337Z","@fields":{"level":"info"}}
{"@message":"DB Connected on port: 27017...","@timestamp":"2026-05-22T14:00:41.333Z","@fields":{"level":"info"}}
{"@message":"DB Connected on port: 27017...","@timestamp":"2026-05-22T14:00:42.335Z","@fields":{"level":"info"}}
{"@message":"DB Connected on port: 27017...","@timestamp":"2026-05-22T14:00:43.335Z","@fields":{"level":"info"}}
{"@message":"DB Connected on port: 27017...","@timestamp":"2026-05-22T14:00:44.337Z","@fields":{"level":"info"}}
{"@message":"DB Connected on port: 27017...","@timestamp":"2026-05-22T14:00:45.340Z","@fields":{"level":"info"}}
{"@message":"DB Connected on port: 27017...","@timestamp":"2026-05-22T14:00:46.348Z","@fields":{"level":"info"}}
{"@message":"DB Connected on port: 27017...","@timestamp":"2026-05-22T14:00:47.340Z","@fields":{"level":"info"}}
{"@message":"DB Connected on port: 27017...","@timestamp":"2026-05-22T14:00:48.340Z","@fields":{"level":"info"}}
{"@message":"DB Connected on port: 27017...","@timestamp":"2026-05-22T14:00:49.344Z","@fields":{"level":"info"}}
{"@message":"DB Connected on port: 27017...","@timestamp":"2026-05-22T14:00:50.345Z","@fields":{"level":"info"}}
{"@message":"DB Connected on port: 27017...","@timestamp":"2026-05-22T14:00:51.344Z","@fields":{"level":"info"}}
{"@message":"DB Connected on port: 27017...","@timestamp":"2026-05-22T14:00:52.359Z","@fields":{"level":"info"}}
{"@message":"DB Connected on port: 27017...","@timestamp":"2026-05-22T14:00:53.358Z","@fields":{"level":"info"}}
{"@message":"DB Connected on port: 27017...","@timestamp":"2026-05-22T14:00:54.359Z","@fields":{"level":"info"}}
{"@message":"DB Connected on port: 27017...","@timestamp":"2026-05-22T14:00:55.362Z","@fields":{"level":"info"}}
{"@message":"DB Connected on port: 27017...","@timestamp":"2026-05-22T14:00:56.362Z","@fields":{"level":"info"}}
{"@message":"DB Connected on port: 27017...","@timestamp":"2026-05-22T14:00:57.360Z","@fields":{"level":"info"}}
{"@message":"DB Connected on port: 27017...","@timestamp":"2026-05-22T14:00:58.361Z","@fields":{"level":"info"}}
{"@message":"DB Connected on port: 27017...","@timestamp":"2026-05-22T14:00:59.362Z","@fields":{"level":"info"}}
{"@message":"\u001b[39m\u001b[32mCommunicating with Spreadsheet...\n","@timestamp":"2026-05-22T14:01:00.366Z","@fields":{"level":"info"}}
{"@message":"DB Connected on port: 27017...","@timestamp":"2026-05-22T14:01:00.376Z","@fields":{"level":"info"}}
{"@message":"DB Connected on port: 27017...","@timestamp":"2026-05-22T14:01:01.368Z","@fields":{"level":"info"}}
{"@message":"DB Connected on port: 27017...","@timestamp":"2026-05-22T14:01:02.364Z","@fields":{"level":"info"}}
{"@message":"DB Connected on port: 27017...","@timestamp":"2026-05-22T14:01:03.364Z","@fields":{"level":"info"}}
{"@message":"\u001b[39m\u001b[32mUpdated Report information....\n","@timestamp":"2026-05-22T14:01:03.567Z","@fields":{"level":"info"}}
{"@message":"DB Connected on port: 27017...","@timestamp":"2026-05-22T14:01:04.366Z","@fields":{"level":"info"}}
{"@message":"DB Connected on port: 27017...","@timestamp":"2026-05-22T14:01:05.367Z","@fields":{"level":"info"}}
{"@message":"DB Connected on port: 27017...","@timestamp":"2026-05-22T14:01:06.367Z","@fields":{"level":"info"}}
{"@message":"DB Connected on port: 27017...","@timestamp":"2026-05-22T14:01:07.368Z","@fields":{"level":"info"}}
{"@message":"DB Connected on port: 27017...","@timestamp":"2026-05-22T14:01:08.371Z","@fields":{"level":"info"}}
{"@message":"DB Connected on port: 27017...","@timestamp":"2026-05-22T14:01:09.369Z","@fields":{"level":"info"}}
{"@message":"Extracted reports","@timestamp":"2026-05-22T14:01:09.959Z","@fields":{"level":"info"}}
{"@message":"DB Connected on port: 27017...","@timestamp":"2026-05-22T14:01:10.371Z","@fields":{"level":"info"}}
{"@message":"DB Connected on port: 27017...","@timestamp":"2026-05-22T14:01:11.372Z","@fields":{"level":"info"}}
{"@message":"DB Connected on port: 27017...","@timestamp":"2026-05-22T14:01:12.377Z","@fields":{"level":"info"}}
{"@message":"DB Connected on port: 27017...","@timestamp":"2026-05-22T14:01:13.374Z","@fields":{"level":"info"}}
{"@message":"DB Connected on port: 27017...","@timestamp":"2026-05-22T14:01:14.374Z","@fields":{"level":"info"}}
{"@message":"DB Connected on port: 27017...","@timestamp":"2026-05-22T14:01:15.376Z","@fields":{"level":"info"}}
{"@message":"DB Connected on port: 27017...","@timestamp":"2026-05-22T14:01:16.381Z","@fields":{"level":"info"}}
{"@message":"DB Connected on port: 27017...","@timestamp":"2026-05-22T14:01:17.380Z","@fields":{"level":"info"}}
{"@message":"DB Connected on port: 27017...","@timestamp":"2026-05-22T14:01:18.380Z","@fields":{"level":"info"}}
{"@message":"DB Connected on port: 27017...","@timestamp":"2026-05-22T14:01:19.381Z","@fields":{"level":"info"}}
{"@message":"DB Connected on port: 27017...","@timestamp":"2026-05-22T14:01:20.381Z","@fields":{"level":"info"}}
{"@message":"DB Connected on port: 27017...","@timestamp":"2026-05-22T14:01:21.386Z","@fields":{"level":"info"}}
{"@message":"DB Connected on port: 27017...","@timestamp":"2026-05-22T14:01:22.384Z","@fields":{"level":"info"}}
{"@message":"DB Connected on port: 27017...","@timestamp":"2026-05-22T14:01:23.386Z","@fields":{"level":"info"}}
{"@message":"DB Connected on port: 27017...","@timestamp":"2026-05-22T14:01:24.387Z","@fields":{"level":"info"}}
{"@message":"DB Connected on port: 27017...","@timestamp":"2026-05-22T14:01:25.389Z","@fields":{"level":"info"}}
{"@message":"DB Connected on port: 27017...","@timestamp":"2026-05-22T14:01:26.394Z","@fields":{"level":"info"}}
{"@message":"DB Connected on port: 27017...","@timestamp":"2026-05-22T14:01:27.393Z","@fields":{"level":"info"}}
{"@message":"DB Connected on port: 27017...","@timestamp":"2026-05-22T14:01:28.393Z","@fields":{"level":"info"}}
{"@message":"DB Connected on port: 27017...","@timestamp":"2026-05-22T14:01:29.395Z","@fields":{"level":"info"}}
{"@message":"DB Connected on port: 27017...","@timestamp":"2026-05-22T14:01:30.397Z","@fields":{"level":"info"}}
{"@message":"DB Connected on port: 27017...","@timestamp":"2026-05-22T14:01:31.398Z","@fields":{"level":"info"}}
{"@message":"DB Connected on port: 27017...","@timestamp":"2026-05-22T14:01:32.400Z","@fields":{"level":"info"}}
{"@message":"DB Connected on port: 27017...","@timestamp":"2026-05-22T14:01:33.400Z","@fields":{"level":"info"}}
{"@message":"DB Connected on port: 27017...","@timestamp":"2026-05-22T14:01:34.406Z","@fields":{"level":"info"}}
{"@message":"DB Connected on port: 27017...","@timestamp":"2026-05-22T14:01:35.405Z","@fields":{"level":"info"}}
{"@message":"DB Connected on port: 27017...","@timestamp":"2026-05-22T14:01:36.406Z","@fields":{"level":"info"}}
{"@message":"DB Connected on port: 27017...","@timestamp":"2026-05-22T14:01:37.407Z","@fields":{"level":"info"}}
{"@message":"DB Connected on port: 27017...","@timestamp":"2026-05-22T14:01:38.409Z","@fields":{"level":"info"}}
{"@message":"DB Connected on port: 27017...","@timestamp":"2026-05-22T14:01:39.412Z","@fields":{"level":"info"}}
{"@message":"DB Connected on port: 27017...","@timestamp":"2026-05-22T14:01:40.418Z","@fields":{"level":"info"}}
{"@message":"DB Connected on port: 27017...","@timestamp":"2026-05-22T14:01:41.425Z","@fields":{"level":"info"}}
{"@message":"DB Connected on port: 27017...","@timestamp":"2026-05-22T14:01:42.428Z","@fields":{"level":"info"}}
{"@message":"DB Connected on port: 27017...","@timestamp":"2026-05-22T14:01:43.428Z","@fields":{"level":"info"}}
{"@message":"DB Connected on port: 27017...","@timestamp":"2026-05-22T14:01:44.431Z","@fields":{"level":"info"}}
{"@message":"DB Connected on port: 27017...","@timestamp":"2026-05-22T14:01:45.431Z","@fields":{"level":"info"}}
{"@message":"DB Connected on port: 27017...","@timestamp":"2026-05-22T14:01:46.439Z","@fields":{"level":"info"}}
{"@message":"DB Connected on port: 27017...","@timestamp":"2026-05-22T14:01:47.434Z","@fields":{"level":"info"}}
{"@message":"DB Connected on port: 27017...","@timestamp":"2026-05-22T14:01:48.434Z","@fields":{"level":"info"}}
{"@message":"DB Connected on port: 27017...","@timestamp":"2026-05-22T14:01:49.438Z","@fields":{"level":"info"}}
{"@message":"DB Connected on port: 27017...","@timestamp":"2026-05-22T14:01:50.438Z","@fields":{"level":"info"}}
{"@message":"DB Connected on port: 27017...","@timestamp":"2026-05-22T14:01:51.438Z","@fields":{"level":"info"}}
{"@message":"DB Connected on port: 27017...","@timestamp":"2026-05-22T14:01:52.439Z","@fields":{"level":"info"}}
{"@message":"DB Connected on port: 27017...","@timestamp":"2026-05-22T14:01:53.440Z","@fields":{"level":"info"}}
{"@message":"DB Connected on port: 27017...","@timestamp":"2026-05-22T14:01:54.441Z","@fields":{"level":"info"}}
{"@message":"DB Connected on port: 27017...","@timestamp":"2026-05-22T14:01:55.442Z","@fields":{"level":"info"}}
{"@message":"DB Connected on port: 27017...","@timestamp":"2026-05-22T14:01:56.444Z","@fields":{"level":"info"}}
{"@message":"DB Connected on port: 27017...","@timestamp":"2026-05-22T14:01:57.445Z","@fields":{"level":"info"}}
{"@message":"DB Connected on port: 27017...","@timestamp":"2026-05-22T14:01:58.451Z","@fields":{"level":"info"}}
{"@message":"DB Connected on port: 27017...","@timestamp":"2026-05-22T14:01:59.449Z","@fields":{"level":"info"}}
{"@message":"\u001b[39m\u001b[32mCommunicating with Spreadsheet...\n","@timestamp":"2026-05-22T14:02:00.495Z","@fields":{"level":"info"}}
{"@message":"DB Connected on port: 27017...","@timestamp":"2026-05-22T14:02:00.518Z","@fields":{"level":"info"}}
{"@message":"DB Connected on port: 27017...","@timestamp":"2026-05-22T14:02:01.471Z","@fields":{"level":"info"}}
{"@message":"DB Connected on port: 27017...","@timestamp":"2026-05-22T14:02:02.462Z","@fields":{"level":"info"}}
{"@message":"\u001b[39m\u001b[32mUpdated Report information....\n","@timestamp":"2026-05-22T14:02:03.415Z","@fields":{"level":"info"}}
{"@message":"DB Connected on port: 27017...","@timestamp":"2026-05-22T14:02:03.465Z","@fields":{"level":"info"}}
{"@message":"DB Connected on port: 27017...","@timestamp":"2026-05-22T14:02:04.464Z","@fields":{"level":"info"}}
{"@message":"DB Connected on port: 27017...","@timestamp":"2026-05-22T14:02:05.465Z","@fields":{"level":"info"}}
{"@message":"DB Connected on port: 27017...","@timestamp":"2026-05-22T14:02:06.467Z","@fields":{"level":"info"}}
{"@message":"DB Connected on port: 27017...","@timestamp":"2026-05-22T14:02:07.467Z","@fields":{"level":"info"}}
{"@message":"DB Connected on port: 27017...","@timestamp":"2026-05-22T14:02:08.468Z","@fields":{"level":"info"}}
{"@message":"DB Connected on port: 27017...","@timestamp":"2026-05-22T14:02:09.475Z","@fields":{"level":"info"}}
{"@message":"DB Connected on port: 27017...","@timestamp":"2026-05-22T14:02:10.473Z","@fields":{"level":"info"}}
{"@message":"DB Connected on port: 27017...","@timestamp":"2026-05-22T14:02:11.472Z","@fields":{"level":"info"}}
{"@message":"DB Connected on port: 27017...","@timestamp":"2026-05-22T14:02:12.479Z","@fields":{"level":"info"}}
{"@message":"DB Connected on port: 27017...","@timestamp":"2026-05-22T14:02:13.477Z","@fields":{"level":"info"}}
{"@message":"DB Connected on port: 27017...","@timestamp":"2026-05-22T14:02:14.478Z","@fields":{"level":"info"}}
{"@message":"DB Connected on port: 27017...","@timestamp":"2026-05-22T14:02:15.483Z","@fields":{"level":"info"}}
{"@message":"DB Connected on port: 27017...","@timestamp":"2026-05-22T14:02:16.485Z","@fields":{"level":"info"}}
{"@message":"DB Connected on port: 27017...","@timestamp":"2026-05-22T14:02:17.485Z","@fields":{"level":"info"}}
{"@message":"DB Connected on port: 27017...","@timestamp":"2026-05-22T14:02:18.486Z","@fields":{"level":"info"}}
{"@message":"DB Connected on port: 27017...","@timestamp":"2026-05-22T14:02:19.489Z","@fields":{"level":"info"}}
{"@message":"DB Connected on port: 27017...","@timestamp":"2026-05-22T14:02:20.488Z","@fields":{"level":"info"}}
{"@message":"DB Connected on port: 27017...","@timestamp":"2026-05-22T14:02:21.488Z","@fields":{"level":"info"}}
{"@message":"DB Connected on port: 27017...","@timestamp":"2026-05-22T14:02:22.487Z","@fields":{"level":"info"}}
{"@message":"DB Connected on port: 27017...","@timestamp":"2026-05-22T14:02:23.490Z","@fields":{"level":"info"}}
{"@message":"DB Connected on port: 27017...","@timestamp":"2026-05-22T14:02:24.487Z","@fields":{"level":"info"}}
{"@message":"DB Connected on port: 27017...","@timestamp":"2026-05-22T14:02:25.488Z","@fields":{"level":"info"}}
{"@message":"DB Connected on port: 27017...","@timestamp":"2026-05-22T14:02:26.495Z","@fields":{"level":"info"}}
{"@message":"DB Connected on port: 27017...","@timestamp":"2026-05-22T14:02:27.492Z","@fields":{"level":"info"}}
{"@message":"DB Connected on port: 27017...","@timestamp":"2026-05-22T14:02:28.492Z","@fields":{"level":"info"}}
{"@message":"DB Connected on port: 27017...","@timestamp":"2026-05-22T14:02:29.495Z","@fields":{"level":"info"}}
{"@message":"DB Connected on port: 27017...","@timestamp":"2026-05-22T14:02:30.495Z","@fields":{"level":"info"}}
{"@message":"DB Connected on port: 27017...","@timestamp":"2026-05-22T14:02:31.497Z","@fields":{"level":"info"}}
{"@message":"DB Connected on port: 27017...","@timestamp":"2026-05-22T14:02:32.496Z","@fields":{"level":"info"}}
{"@message":"DB Connected on port: 27017...","@timestamp":"2026-05-22T14:02:33.522Z","@fields":{"level":"info"}}
{"@message":"DB Connected on port: 27017...","@timestamp":"2026-05-22T14:02:34.500Z","@fields":{"level":"info"}}
{"@message":"DB Connected on port: 27017...","@timestamp":"2026-05-22T14:02:35.513Z","@fields":{"level":"info"}}
{"@message":"DB Connected on port: 27017...","@timestamp":"2026-05-22T14:02:36.504Z","@fields":{"level":"info"}}
{"@message":"DB Connected on port: 27017...","@timestamp":"2026-05-22T14:02:37.504Z","@fields":{"level":"info"}}
{"@message":"DB Connected on port: 27017...","@timestamp":"2026-05-22T14:02:38.505Z","@fields":{"level":"info"}}
{"@message":"DB Connected on port: 27017...","@timestamp":"2026-05-22T14:02:39.505Z","@fields":{"level":"info"}}
{"@message":"DB Connected on port: 27017...","@timestamp":"2026-05-22T14:02:40.507Z","@fields":{"level":"info"}}
{"@message":"DB Connected on port: 27017...","@timestamp":"2026-05-22T14:02:41.509Z","@fields":{"level":"info"}}
{"@message":"DB Connected on port: 27017...","@timestamp":"2026-05-22T14:02:42.514Z","@fields":{"level":"info"}}
{"@message":"DB Connected on port: 27017...","@timestamp":"2026-05-22T14:02:43.513Z","@fields":{"level":"info"}}
{"@message":"DB Connected on port: 27017...","@timestamp":"2026-05-22T14:02:44.514Z","@fields":{"level":"info"}}
{"@message":"DB Connected on port: 27017...","@timestamp":"2026-05-22T14:02:45.541Z","@fields":{"level":"info"}}
{"@message":"DB Connected on port: 27017...","@timestamp":"2026-05-22T14:02:46.540Z","@fields":{"level":"info"}}
{"@message":"DB Connected on port: 27017...","@timestamp":"2026-05-22T14:02:47.538Z","@fields":{"level":"info"}}
{"@message":"DB Connected on port: 27017...","@timestamp":"2026-05-22T14:02:48.539Z","@fields":{"level":"info"}}
{"@message":"DB Connected on port: 27017...","@timestamp":"2026-05-22T14:02:49.549Z","@fields":{"level":"info"}}
{"@message":"DB Connected on port: 27017...","@timestamp":"2026-05-22T14:02:50.542Z","@fields":{"level":"info"}}
{"@message":"DB Connected on port: 27017...","@timestamp":"2026-05-22T14:02:51.542Z","@fields":{"level":"info"}}
{"@message":"DB Connected on port: 27017...","@timestamp":"2026-05-22T14:02:52.546Z","@fields":{"level":"info"}}
{"@message":"DB Connected on port: 27017...","@timestamp":"2026-05-22T14:02:53.545Z","@fields":{"level":"info"}}
{"@message":"DB Connected on port: 27017...","@timestamp":"2026-05-22T14:02:54.583Z","@fields":{"level":"info"}}
{"@message":"DB Connected on port: 27017...","@timestamp":"2026-05-22T14:02:55.557Z","@fields":{"level":"info"}}
{"@message":"DB Connected on port: 27017...","@timestamp":"2026-05-22T14:02:56.555Z","@fields":{"level":"info"}}
{"@message":"DB Connected on port: 27017...","@timestamp":"2026-05-22T14:02:57.557Z","@fields":{"level":"info"}}
{"@message":"DB Connected on port: 27017...","@timestamp":"2026-05-22T14:02:58.555Z","@fields":{"level":"info"}}
{"@message":"DB Connected on port: 27017...","@timestamp":"2026-05-22T14:02:59.557Z","@fields":{"level":"info"}}
{"@message":"\u001b[39m\u001b[32mCommunicating with Spreadsheet...\n","@timestamp":"2026-05-22T14:03:00.560Z","@fields":{"level":"info"}}
{"@message":"DB Connected on port: 27017...","@timestamp":"2026-05-22T14:03:00.577Z","@fields":{"level":"info"}}
{"@message":"DB Connected on port: 27017...","@timestamp":"2026-05-22T14:03:01.558Z","@fields":{"level":"info"}}
{"@message":"DB Connected on port: 27017...","@timestamp":"2026-05-22T14:03:02.565Z","@fields":{"level":"info"}}
{"@message":"\u001b[39m\u001b[32mUpdated Report information....\n","@timestamp":"2026-05-22T14:03:03.227Z","@fields":{"level":"info"}}
{"@message":"DB Connected on port: 27017...","@timestamp":"2026-05-22T14:03:03.571Z","@fields":{"level":"info"}}
{"@message":"DB Connected on port: 27017...","@timestamp":"2026-05-22T14:03:04.582Z","@fields":{"level":"info"}}
{"@message":"DB Connected on port: 27017...","@timestamp":"2026-05-22T14:03:05.569Z","@fields":{"level":"info"}}
{"@message":"DB Connected on port: 27017...","@timestamp":"2026-05-22T14:03:06.572Z","@fields":{"level":"info"}}
{"@message":"DB Connected on port: 27017...","@timestamp":"2026-05-22T14:03:07.574Z","@fields":{"level":"info"}}
{"@message":"DB Connected on port: 27017...","@timestamp":"2026-05-22T14:03:08.572Z","@fields":{"level":"info"}}
{"@message":"DB Connected on port: 27017...","@timestamp":"2026-05-22T14:03:09.589Z","@fields":{"level":"info"}}
{"@message":"DB Connected on port: 27017...","@timestamp":"2026-05-22T14:03:10.579Z","@fields":{"level":"info"}}
{"@message":"DB Connected on port: 27017...","@timestamp":"2026-05-22T14:03:11.577Z","@fields":{"level":"info"}}
{"@message":"DB Connected on port: 27017...","@timestamp":"2026-05-22T14:03:12.578Z","@fields":{"level":"info"}}
{"@message":"DB Connected on port: 27017...","@timestamp":"2026-05-22T14:03:13.579Z","@fields":{"level":"info"}}
{"@message":"DB Connected on port: 27017...","@timestamp":"2026-05-22T14:03:14.581Z","@fields":{"level":"info"}}
{"@message":"DB Connected on port: 27017...","@timestamp":"2026-05-22T14:03:15.583Z","@fields":{"level":"info"}}
{"@message":"DB Connected on port: 27017...","@timestamp":"2026-05-22T14:03:16.583Z","@fields":{"level":"info"}}
{"@message":"DB Connected on port: 27017...","@timestamp":"2026-05-22T14:03:17.585Z","@fields":{"level":"info"}}
{"@message":"DB Connected on port: 27017...","@timestamp":"2026-05-22T14:03:18.586Z","@fields":{"level":"info"}}
{"@message":"DB Connected on port: 27017...","@timestamp":"2026-05-22T14:03:19.586Z","@fields":{"level":"info"}}
{"@message":"DB Connected on port: 27017...","@timestamp":"2026-05-22T14:03:20.587Z","@fields":{"level":"info"}}
{"@message":"DB Connected on port: 27017...","@timestamp":"2026-05-22T14:03:21.588Z","@fields":{"level":"info"}}
{"@message":"DB Connected on port: 27017...","@timestamp":"2026-05-22T14:03:22.589Z","@fields":{"level":"info"}}
{"@message":"DB Connected on port: 27017...","@timestamp":"2026-05-22T14:03:23.590Z","@fields":{"level":"info"}}
{"@message":"DB Connected on port: 27017...","@timestamp":"2026-05-22T14:03:24.591Z","@fields":{"level":"info"}}
{"@message":"DB Connected on port: 27017...","@timestamp":"2026-05-22T14:03:25.597Z","@fields":{"level":"info"}}
{"@message":"DB Connected on port: 27017...","@timestamp":"2026-05-22T14:03:26.606Z","@fields":{"level":"info"}}
{"@message":"DB Connected on port: 27017...","@timestamp":"2026-05-22T14:03:27.596Z","@fields":{"level":"info"}}
{"@message":"DB Connected on port: 27017...","@timestamp":"2026-05-22T14:03:28.596Z","@fields":{"level":"info"}}
{"@message":"DB Connected on port: 27017...","@timestamp":"2026-05-22T14:03:29.607Z","@fields":{"level":"info"}}
{"@message":"DB Connected on port: 27017...","@timestamp":"2026-05-22T14:03:30.602Z","@fields":{"level":"info"}}
{"@message":"DB Connected on port: 27017...","@timestamp":"2026-05-22T14:03:31.605Z","@fields":{"level":"info"}}
{"@message":"DB Connected on port: 27017...","@timestamp":"2026-05-22T14:03:32.604Z","@fields":{"level":"info"}}
{"@message":"DB Connected on port: 27017...","@timestamp":"2026-05-22T14:03:33.605Z","@fields":{"level":"info"}}
{"@message":"DB Connected on port: 27017...","@timestamp":"2026-05-22T14:03:34.607Z","@fields":{"level":"info"}}
{"@message":"DB Connected on port: 27017...","@timestamp":"2026-05-22T14:03:35.606Z","@fields":{"level":"info"}}
{"@message":"DB Connected on port: 27017...","@timestamp":"2026-05-22T14:03:36.606Z","@fields":{"level":"info"}}
{"@message":"DB Connected on port: 27017...","@timestamp":"2026-05-22T14:03:37.607Z","@fields":{"level":"info"}}
{"@message":"DB Connected on port: 27017...","@timestamp":"2026-05-22T14:03:38.606Z","@fields":{"level":"info"}}
{"@message":"DB Connected on port: 27017...","@timestamp":"2026-05-22T14:03:39.610Z","@fields":{"level":"info"}}
{"@message":"DB Connected on port: 27017...","@timestamp":"2026-05-22T14:03:40.610Z","@fields":{"level":"info"}}
{"@message":"DB Connected on port: 27017...","@timestamp":"2026-05-22T14:03:41.611Z","@fields":{"level":"info"}}
{"@message":"DB Connected on port: 27017...","@timestamp":"2026-05-22T14:03:42.618Z","@fields":{"level":"info"}}
{"@message":"DB Connected on port: 27017...","@timestamp":"2026-05-22T14:03:43.614Z","@fields":{"level":"info"}}
{"@message":"DB Connected on port: 27017...","@timestamp":"2026-05-22T14:03:44.615Z","@fields":{"level":"info"}}
{"@message":"DB Connected on port: 27017...","@timestamp":"2026-05-22T14:03:45.617Z","@fields":{"level":"info"}}
{"@message":"DB Connected on port: 27017...","@timestamp":"2026-05-22T14:03:46.616Z","@fields":{"level":"info"}}
{"@message":"DB Connected on port: 27017...","@timestamp":"2026-05-22T14:03:47.621Z","@fields":{"level":"info"}}
{"@message":"DB Connected on port: 27017...","@timestamp":"2026-05-22T14:03:48.617Z","@fields":{"level":"info"}}
{"@message":"DB Connected on port: 27017...","@timestamp":"2026-05-22T14:03:49.620Z","@fields":{"level":"info"}}
{"@message":"DB Connected on port: 27017...","@timestamp":"2026-05-22T14:03:50.628Z","@fields":{"level":"info"}}
{"@message":"DB Connected on port: 27017...","@timestamp":"2026-05-22T14:03:51.626Z","@fields":{"level":"info"}}
{"@message":"DB Connected on port: 27017...","@timestamp":"2026-05-22T14:03:52.626Z","@fields":{"level":"info"}}
{"@message":"DB Connected on port: 27017...","@timestamp":"2026-05-22T14:03:53.628Z","@fields":{"level":"info"}}
{"@message":"DB Connected on port: 27017...","@timestamp":"2026-05-22T14:03:54.629Z","@fields":{"level":"info"}}
{"@message":"DB Connected on port: 27017...","@timestamp":"2026-05-22T14:03:55.632Z","@fields":{"level":"info"}}
{"@message":"DB Connected on port: 27017...","@timestamp":"2026-05-22T14:03:56.632Z","@fields":{"level":"info"}}
{"@message":"DB Connected on port: 27017...","@timestamp":"2026-05-22T14:03:57.632Z","@fields":{"level":"info"}}
{"@message":"DB Connected on port: 27017...","@timestamp":"2026-05-22T14:03:58.632Z","@fields":{"level":"info"}}
{"@message":"DB Connected on port: 27017...","@timestamp":"2026-05-22T14:03:59.638Z","@fields":{"level":"info"}}
{"@message":"\u001b[39m\u001b[32mCommunicating with Spreadsheet...\n","@timestamp":"2026-05-22T14:04:00.635Z","@fields":{"level":"info"}}
{"@message":"DB Connected on port: 27017...","@timestamp":"2026-05-22T14:04:00.647Z","@fields":{"level":"info"}}
{"@message":"DB Connected on port: 27017...","@timestamp":"2026-05-22T14:04:01.636Z","@fields":{"level":"info"}}
{"@message":"DB Connected on port: 27017...","@timestamp":"2026-05-22T14:04:02.638Z","@fields":{"level":"info"}}
{"@message":"\u001b[39m\u001b[32mUpdated Report information....\n","@timestamp":"2026-05-22T14:04:03.524Z","@fields":{"level":"info"}}
{"@message":"DB Connected on port: 27017...","@timestamp":"2026-05-22T14:04:03.637Z","@fields":{"level":"info"}}
{"@message":"DB Connected on port: 27017...","@timestamp":"2026-05-22T14:04:04.639Z","@fields":{"level":"info"}}
{"@message":"DB Connected on port: 27017...","@timestamp":"2026-05-22T14:04:05.641Z","@fields":{"level":"info"}}
{"@message":"DB Connected on port: 27017...","@timestamp":"2026-05-22T14:04:06.641Z","@fields":{"level":"info"}}
{"@message":"DB Connected on port: 27017...","@timestamp":"2026-05-22T14:04:07.643Z","@fields":{"level":"info"}}
{"@message":"DB Connected on port: 27017...","@timestamp":"2026-05-22T14:04:08.642Z","@fields":{"level":"info"}}
{"@message":"DB Connected on port: 27017...","@timestamp":"2026-05-22T14:04:09.643Z","@fields":{"level":"info"}}
{"@message":"DB Connected on port: 27017...","@timestamp":"2026-05-22T14:04:10.645Z","@fields":{"level":"info"}}
{"@message":"DB Connected on port: 27017...","@timestamp":"2026-05-22T14:04:11.650Z","@fields":{"level":"info"}}
{"@message":"DB Connected on port: 27017...","@timestamp":"2026-05-22T14:04:12.650Z","@fields":{"level":"info"}}
{"@message":"DB Connected on port: 27017...","@timestamp":"2026-05-22T14:04:13.649Z","@fields":{"level":"info"}}
{"@message":"DB Connected on port: 27017...","@timestamp":"2026-05-22T14:04:14.649Z","@fields":{"level":"info"}}
{"@message":"DB Connected on port: 27017...","@timestamp":"2026-05-22T14:04:15.651Z","@fields":{"level":"info"}}
{"@message":"DB Connected on port: 27017...","@timestamp":"2026-05-22T14:04:16.653Z","@fields":{"level":"info"}}
{"@message":"DB Connected on port: 27017...","@timestamp":"2026-05-22T14:04:17.652Z","@fields":{"level":"info"}}
{"@message":"DB Connected on port: 27017...","@timestamp":"2026-05-22T14:04:18.654Z","@fields":{"level":"info"}}
{"@message":"DB Connected on port: 27017...","@timestamp":"2026-05-22T14:04:19.655Z","@fields":{"level":"info"}}
{"@message":"DB Connected on port: 27017...","@timestamp":"2026-05-22T14:04:20.657Z","@fields":{"level":"info"}}
{"@message":"DB Connected on port: 27017...","@timestamp":"2026-05-22T14:04:21.657Z","@fields":{"level":"info"}}
{"@message":"DB Connected on port: 27017...","@timestamp":"2026-05-22T14:04:22.659Z","@fields":{"level":"info"}}
{"@message":"DB Connected on port: 27017...","@timestamp":"2026-05-22T14:04:23.660Z","@fields":{"level":"info"}}
{"@message":"DB Connected on port: 27017...","@timestamp":"2026-05-22T14:04:24.660Z","@fields":{"level":"info"}}
{"@message":"DB Connected on port: 27017...","@timestamp":"2026-05-22T14:04:25.717Z","@fields":{"level":"info"}}
{"@message":"DB Connected on port: 27017...","@timestamp":"2026-05-22T14:04:26.675Z","@fields":{"level":"info"}}
{"@message":"DB Connected on port: 27017...","@timestamp":"2026-05-22T14:04:27.677Z","@fields":{"level":"info"}}
{"@message":"DB Connected on port: 27017...","@timestamp":"2026-05-22T14:04:28.678Z","@fields":{"level":"info"}}
{"@message":"DB Connected on port: 27017...","@timestamp":"2026-05-22T14:04:29.679Z","@fields":{"level":"info"}}
{"@message":"DB Connected on port: 27017...","@timestamp":"2026-05-22T14:04:30.688Z","@fields":{"level":"info"}}
{"@message":"DB Connected on port: 27017...","@timestamp":"2026-05-22T14:04:31.683Z","@fields":{"level":"info"}}
{"@message":"DB Connected on port: 27017...","@timestamp":"2026-05-22T14:04:32.685Z","@fields":{"level":"info"}}
{"@message":"DB Connected on port: 27017...","@timestamp":"2026-05-22T14:04:33.685Z","@fields":{"level":"info"}}
{"@message":"DB Connected on port: 27017...","@timestamp":"2026-05-22T14:04:34.686Z","@fields":{"level":"info"}}
{"@message":"DB Connected on port: 27017...","@timestamp":"2026-05-22T14:04:35.690Z","@fields":{"level":"info"}}
{"@message":"DB Connected on port: 27017...","@timestamp":"2026-05-22T14:04:36.690Z","@fields":{"level":"info"}}
{"@message":"DB Connected on port: 27017...","@timestamp":"2026-05-22T14:04:37.693Z","@fields":{"level":"info"}}
{"@message":"DB Connected on port: 27017...","@timestamp":"2026-05-22T14:04:38.693Z","@fields":{"level":"info"}}
{"@message":"DB Connected on port: 27017...","@timestamp":"2026-05-22T14:04:39.698Z","@fields":{"level":"info"}}
{"@message":"DB Connected on port: 27017...","@timestamp":"2026-05-22T14:04:40.699Z","@fields":{"level":"info"}}
{"@message":"DB Connected on port: 27017...","@timestamp":"2026-05-22T14:04:41.703Z","@fields":{"level":"info"}}
{"@message":"DB Connected on port: 27017...","@timestamp":"2026-05-22T14:04:42.705Z","@fields":{"level":"info"}}
{"@message":"DB Connected on port: 27017...","@timestamp":"2026-05-22T14:04:43.703Z","@fields":{"level":"info"}}
{"@message":"DB Connected on port: 27017...","@timestamp":"2026-05-22T14:04:44.704Z","@fields":{"level":"info"}}
{"@message":"DB Connected on port: 27017...","@timestamp":"2026-05-22T14:04:45.712Z","@fields":{"level":"info"}}
{"@message":"DB Connected on port: 27017...","@timestamp":"2026-05-22T14:04:46.705Z","@fields":{"level":"info"}}
{"@message":"DB Connected on port: 27017...","@timestamp":"2026-05-22T14:04:47.707Z","@fields":{"level":"info"}}
{"@message":"DB Connected on port: 27017...","@timestamp":"2026-05-22T14:04:48.715Z","@fields":{"level":"info"}}
{"@message":"DB Connected on port: 27017...","@timestamp":"2026-05-22T14:04:49.712Z","@fields":{"level":"info"}}
{"@message":"DB Connected on port: 27017...","@timestamp":"2026-05-22T14:04:50.713Z","@fields":{"level":"info"}}
{"@message":"DB Connected on port: 27017...","@timestamp":"2026-05-22T14:04:51.715Z","@fields":{"level":"info"}}
{"@message":"DB Connected on port: 27017...","@timestamp":"2026-05-22T14:04:52.712Z","@fields":{"level":"info"}}
{"@message":"DB Connected on port: 27017...","@timestamp":"2026-05-22T14:04:53.713Z","@fields":{"level":"info"}}
{"@message":"DB Connected on port: 27017...","@timestamp":"2026-05-22T14:04:54.714Z","@fields":{"level":"info"}}
{"@message":"DB Connected on port: 27017...","@timestamp":"2026-05-22T14:04:55.718Z","@fields":{"level":"info"}}
{"@message":"DB Connected on port: 27017...","@timestamp":"2026-05-22T14:04:56.716Z","@fields":{"level":"info"}}
{"@message":"DB Connected on port: 27017...","@timestamp":"2026-05-22T14:04:57.718Z","@fields":{"level":"info"}}
{"@message":"DB Connected on port: 27017...","@timestamp":"2026-05-22T14:04:58.719Z","@fields":{"level":"info"}}
{"@message":"DB Connected on port: 27017...","@timestamp":"2026-05-22T14:04:59.720Z","@fields":{"level":"info"}}
{"@message":"\u001b[39m\u001b[32mCommunicating with Spreadsheet...\n","@timestamp":"2026-05-22T14:05:00.722Z","@fields":{"level":"info"}}
{"@message":"DB Connected on port: 27017...","@timestamp":"2026-05-22T14:05:00.739Z","@fields":{"level":"info"}}
{"@message":"DB Connected on port: 27017...","@timestamp":"2026-05-22T14:05:01.727Z","@fields":{"level":"info"}}
{"@message":"DB Connected on port: 27017...","@timestamp":"2026-05-22T14:05:02.724Z","@fields":{"level":"info"}}
{"@message":"\u001b[39m\u001b[32mUpdated Report information....\n","@timestamp":"2026-05-22T14:05:03.594Z","@fields":{"level":"info"}}
{"@message":"DB Connected on port: 27017...","@timestamp":"2026-05-22T14:05:03.725Z","@fields":{"level":"info"}}
{"@message":"DB Connected on port: 27017...","@timestamp":"2026-05-22T14:05:04.727Z","@fields":{"level":"info"}}
{"@message":"DB Connected on port: 27017...","@timestamp":"2026-05-22T14:05:05.729Z","@fields":{"level":"info"}}
{"@message":"DB Connected on port: 27017...","@timestamp":"2026-05-22T14:05:06.729Z","@fields":{"level":"info"}}
{"@message":"DB Connected on port: 27017...","@timestamp":"2026-05-22T14:05:07.729Z","@fields":{"level":"info"}}
{"@message":"DB Connected on port: 27017...","@timestamp":"2026-05-22T14:05:08.731Z","@fields":{"level":"info"}}
{"@message":"DB Connected on port: 27017...","@timestamp":"2026-05-22T14:05:09.731Z","@fields":{"level":"info"}}
{"@message":"DB Connected on port: 27017...","@timestamp":"2026-05-22T14:05:10.733Z","@fields":{"level":"info"}}
{"@message":"DB Connected on port: 27017...","@timestamp":"2026-05-22T14:05:11.732Z","@fields":{"level":"info"}}
{"@message":"DB Connected on port: 27017...","@timestamp":"2026-05-22T14:05:12.734Z","@fields":{"level":"info"}}
{"@message":"DB Connected on port: 27017...","@timestamp":"2026-05-22T14:05:13.734Z","@fields":{"level":"info"}}
{"@message":"DB Connected on port: 27017...","@timestamp":"2026-05-22T14:05:14.737Z","@fields":{"level":"info"}}
{"@message":"DB Connected on port: 27017...","@timestamp":"2026-05-22T14:05:15.736Z","@fields":{"level":"info"}}
{"@message":"DB Connected on port: 27017...","@timestamp":"2026-05-22T14:05:16.742Z","@fields":{"level":"info"}}
{"@message":"DB Connected on port: 27017...","@timestamp":"2026-05-22T14:05:17.747Z","@fields":{"level":"info"}}
{"@message":"DB Connected on port: 27017...","@timestamp":"2026-05-22T14:05:18.745Z","@fields":{"level":"info"}}
{"@message":"DB Connected on port: 27017...","@timestamp":"2026-05-22T14:05:19.742Z","@fields":{"level":"info"}}
{"@message":"DB Connected on port: 27017...","@timestamp":"2026-05-22T14:05:20.748Z","@fields":{"level":"info"}}
{"@message":"DB Connected on port: 27017...","@timestamp":"2026-05-22T14:05:21.744Z","@fields":{"level":"info"}}
{"@message":"DB Connected on port: 27017...","@timestamp":"2026-05-22T14:05:22.748Z","@fields":{"level":"info"}}
{"@message":"DB Connected on port: 27017...","@timestamp":"2026-05-22T14:05:23.746Z","@fields":{"level":"info"}}
{"@message":"DB Connected on port: 27017...","@timestamp":"2026-05-22T14:05:24.751Z","@fields":{"level":"info"}}
{"@message":"DB Connected on port: 27017...","@timestamp":"2026-05-22T14:05:25.749Z","@fields":{"level":"info"}}
{"@message":"DB Connected on port: 27017...","@timestamp":"2026-05-22T14:05:26.750Z","@fields":{"level":"info"}}
{"@message":"DB Connected on port: 27017...","@timestamp":"2026-05-22T14:05:27.752Z","@fields":{"level":"info"}}
{"@message":"DB Connected on port: 27017...","@timestamp":"2026-05-22T14:05:28.750Z","@fields":{"level":"info"}}
{"@message":"DB Connected on port: 27017...","@timestamp":"2026-05-22T14:05:29.754Z","@fields":{"level":"info"}}
{"@message":"DB Connected on port: 27017...","@timestamp":"2026-05-22T14:05:30.754Z","@fields":{"level":"info"}}
{"@message":"DB Connected on port: 27017...","@timestamp":"2026-05-22T14:05:31.756Z","@fields":{"level":"info"}}
{"@message":"DB Connected on port: 27017...","@timestamp":"2026-05-22T14:05:32.755Z","@fields":{"level":"info"}}
{"@message":"DB Connected on port: 27017...","@timestamp":"2026-05-22T14:05:33.755Z","@fields":{"level":"info"}}
{"@message":"DB Connected on port: 27017...","@timestamp":"2026-05-22T14:05:34.758Z","@fields":{"level":"info"}}
{"@message":"DB Connected on port: 27017...","@timestamp":"2026-05-22T14:05:35.757Z","@fields":{"level":"info"}}
{"@message":"DB Connected on port: 27017...","@timestamp":"2026-05-22T14:05:36.757Z","@fields":{"level":"info"}}
{"@message":"DB Connected on port: 27017...","@timestamp":"2026-05-22T14:05:37.760Z","@fields":{"level":"info"}}
{"@message":"DB Connected on port: 27017...","@timestamp":"2026-05-22T14:05:38.761Z","@fields":{"level":"info"}}
{"@message":"DB Connected on port: 27017...","@timestamp":"2026-05-22T14:05:39.765Z","@fields":{"level":"info"}}
{"@message":"DB Connected on port: 27017...","@timestamp":"2026-05-22T14:05:40.765Z","@fields":{"level":"info"}}
{"@message":"DB Connected on port: 27017...","@timestamp":"2026-05-22T14:05:41.766Z","@fields":{"level":"info"}}
{"@message":"DB Connected on port: 27017...","@timestamp":"2026-05-22T14:05:42.768Z","@fields":{"level":"info"}}
{"@message":"DB Connected on port: 27017...","@timestamp":"2026-05-22T14:05:43.780Z","@fields":{"level":"info"}}
{"@message":"DB Connected on port: 27017...","@timestamp":"2026-05-22T14:05:44.774Z","@fields":{"level":"info"}}
{"@message":"DB Connected on port: 27017...","@timestamp":"2026-05-22T14:05:45.774Z","@fields":{"level":"info"}}
{"@message":"DB Connected on port: 27017...","@timestamp":"2026-05-22T14:05:46.773Z","@fields":{"level":"info"}}
{"@message":"DB Connected on port: 27017...","@timestamp":"2026-05-22T14:05:47.773Z","@fields":{"level":"info"}}
{"@message":"DB Connected on port: 27017...","@timestamp":"2026-05-22T14:05:48.774Z","@fields":{"level":"info"}}
{"@message":"DB Connected on port: 27017...","@timestamp":"2026-05-22T14:05:49.775Z","@fields":{"level":"info"}}
{"@message":"DB Connected on port: 27017...","@timestamp":"2026-05-22T14:05:50.780Z","@fields":{"level":"info"}}
{"@message":"DB Connected on port: 27017...","@timestamp":"2026-05-22T14:05:51.776Z","@fields":{"level":"info"}}
{"@message":"DB Connected on port: 27017...","@timestamp":"2026-05-22T14:05:52.784Z","@fields":{"level":"info"}}
{"@message":"DB Connected on port: 27017...","@timestamp":"2026-05-22T14:05:53.780Z","@fields":{"level":"info"}}
{"@message":"DB Connected on port: 27017...","@timestamp":"2026-05-22T14:05:54.780Z","@fields":{"level":"info"}}
{"@message":"DB Connected on port: 27017...","@timestamp":"2026-05-22T14:05:55.781Z","@fields":{"level":"info"}}
{"@message":"DB Connected on port: 27017...","@timestamp":"2026-05-22T14:05:56.790Z","@fields":{"level":"info"}}
{"@message":"DB Connected on port: 27017...","@timestamp":"2026-05-22T14:05:57.785Z","@fields":{"level":"info"}}
{"@message":"DB Connected on port: 27017...","@timestamp":"2026-05-22T14:05:58.786Z","@fields":{"level":"info"}}
{"@message":"DB Connected on port: 27017...","@timestamp":"2026-05-22T14:05:59.786Z","@fields":{"level":"info"}}
{"@message":"\u001b[39m\u001b[32mCommunicating with Spreadsheet...\n","@timestamp":"2026-05-22T14:06:00.790Z","@fields":{"level":"info"}}
{"@message":"DB Connected on port: 27017...","@timestamp":"2026-05-22T14:06:00.804Z","@fields":{"level":"info"}}
{"@message":"DB Connected on port: 27017...","@timestamp":"2026-05-22T14:06:01.795Z","@fields":{"level":"info"}}
{"@message":"DB Connected on port: 27017...","@timestamp":"2026-05-22T14:06:02.791Z","@fields":{"level":"info"}}
{"@message":"\u001b[39m\u001b[32mUpdated Report information....\n","@timestamp":"2026-05-22T14:06:03.783Z","@fields":{"level":"info"}}
{"@message":"DB Connected on port: 27017...","@timestamp":"2026-05-22T14:06:03.792Z","@fields":{"level":"info"}}
{"@message":"DB Connected on port: 27017...","@timestamp":"2026-05-22T14:06:04.791Z","@fields":{"level":"info"}}
{"@message":"DB Connected on port: 27017...","@timestamp":"2026-05-22T14:06:05.791Z","@fields":{"level":"info"}}
{"@message":"DB Connected on port: 27017...","@timestamp":"2026-05-22T14:06:06.791Z","@fields":{"level":"info"}}
{"@message":"DB Connected on port: 27017...","@timestamp":"2026-05-22T14:06:07.792Z","@fields":{"level":"info"}}
{"@message":"DB Connected on port: 27017...","@timestamp":"2026-05-22T14:06:08.794Z","@fields":{"level":"info"}}
{"@message":"DB Connected on port: 27017...","@timestamp":"2026-05-22T14:06:09.794Z","@fields":{"level":"info"}}
{"@message":"DB Connected on port: 27017...","@timestamp":"2026-05-22T14:06:10.797Z","@fields":{"level":"info"}}
{"@message":"DB Connected on port: 27017...","@timestamp":"2026-05-22T14:06:11.796Z","@fields":{"level":"info"}}
{"@message":"DB Connected on port: 27017...","@timestamp":"2026-05-22T14:06:12.797Z","@fields":{"level":"info"}}
{"@message":"DB Connected on port: 27017...","@timestamp":"2026-05-22T14:06:13.798Z","@fields":{"level":"info"}}
{"@message":"DB Connected on port: 27017...","@timestamp":"2026-05-22T14:06:14.800Z","@fields":{"level":"info"}}
{"@message":"DB Connected on port: 27017...","@timestamp":"2026-05-22T14:06:15.800Z","@fields":{"level":"info"}}
{"@message":"DB Connected on port: 27017...","@timestamp":"2026-05-22T14:06:16.801Z","@fields":{"level":"info"}}
{"@message":"DB Connected on port: 27017...","@timestamp":"2026-05-22T14:06:17.802Z","@fields":{"level":"info"}}
{"@message":"DB Connected on port: 27017...","@timestamp":"2026-05-22T14:06:18.802Z","@fields":{"level":"info"}}
{"@message":"DB Connected on port: 27017...","@timestamp":"2026-05-22T14:06:19.805Z","@fields":{"level":"info"}}
{"@message":"DB Connected on port: 27017...","@timestamp":"2026-05-22T14:06:20.805Z","@fields":{"level":"info"}}
{"@message":"DB Connected on port: 27017...","@timestamp":"2026-05-22T14:06:21.807Z","@fields":{"level":"info"}}
{"@message":"DB Connected on port: 27017...","@timestamp":"2026-05-22T14:06:22.809Z","@fields":{"level":"info"}}
{"@message":"DB Connected on port: 27017...","@timestamp":"2026-05-22T14:06:23.810Z","@fields":{"level":"info"}}
{"@message":"DB Connected on port: 27017...","@timestamp":"2026-05-22T14:06:24.810Z","@fields":{"level":"info"}}
{"@message":"DB Connected on port: 27017...","@timestamp":"2026-05-22T14:06:25.827Z","@fields":{"level":"info"}}
{"@message":"DB Connected on port: 27017...","@timestamp":"2026-05-22T14:06:26.813Z","@fields":{"level":"info"}}
{"@message":"DB Connected on port: 27017...","@timestamp":"2026-05-22T14:06:27.833Z","@fields":{"level":"info"}}
{"@message":"DB Connected on port: 27017...","@timestamp":"2026-05-22T14:06:28.816Z","@fields":{"level":"info"}}
{"@message":"DB Connected on port: 27017...","@timestamp":"2026-05-22T14:06:29.817Z","@fields":{"level":"info"}}
{"@message":"DB Connected on port: 27017...","@timestamp":"2026-05-22T14:06:30.819Z","@fields":{"level":"info"}}
{"@message":"DB Connected on port: 27017...","@timestamp":"2026-05-22T14:06:31.822Z","@fields":{"level":"info"}}
{"@message":"DB Connected on port: 27017...","@timestamp":"2026-05-22T14:06:32.822Z","@fields":{"level":"info"}}
{"@message":"DB Connected on port: 27017...","@timestamp":"2026-05-22T14:06:33.827Z","@fields":{"level":"info"}}
{"@message":"DB Connected on port: 27017...","@timestamp":"2026-05-22T14:06:34.822Z","@fields":{"level":"info"}}
{"@message":"DB Connected on port: 27017...","@timestamp":"2026-05-22T14:06:35.823Z","@fields":{"level":"info"}}
{"@message":"DB Connected on port: 27017...","@timestamp":"2026-05-22T14:06:36.823Z","@fields":{"level":"info"}}
{"@message":"DB Connected on port: 27017...","@timestamp":"2026-05-22T14:06:37.826Z","@fields":{"level":"info"}}
{"@message":"DB Connected on port: 27017...","@timestamp":"2026-05-22T14:06:38.826Z","@fields":{"level":"info"}}
{"@message":"DB Connected on port: 27017...","@timestamp":"2026-05-22T14:06:39.828Z","@fields":{"level":"info"}}
{"@message":"DB Connected on port: 27017...","@timestamp":"2026-05-22T14:06:40.829Z","@fields":{"level":"info"}}
{"@message":"DB Connected on port: 27017...","@timestamp":"2026-05-22T14:06:41.830Z","@fields":{"level":"info"}}
{"@message":"DB Connected on port: 27017...","@timestamp":"2026-05-22T14:06:42.831Z","@fields":{"level":"info"}}
{"@message":"DB Connected on port: 27017...","@timestamp":"2026-05-22T14:06:43.836Z","@fields":{"level":"info"}}
{"@message":"DB Connected on port: 27017...","@timestamp":"2026-05-22T14:06:44.833Z","@fields":{"level":"info"}}
{"@message":"DB Connected on port: 27017...","@timestamp":"2026-05-22T14:06:45.835Z","@fields":{"level":"info"}}
{"@message":"DB Connected on port: 27017...","@timestamp":"2026-05-22T14:06:46.833Z","@fields":{"level":"info"}}
{"@message":"DB Connected on port: 27017...","@timestamp":"2026-05-22T14:06:47.835Z","@fields":{"level":"info"}}
{"@message":"DB Connected on port: 27017...","@timestamp":"2026-05-22T14:06:48.836Z","@fields":{"level":"info"}}
{"@message":"DB Connected on port: 27017...","@timestamp":"2026-05-22T14:06:49.837Z","@fields":{"level":"info"}}
{"@message":"DB Connected on port: 27017...","@timestamp":"2026-05-22T14:06:50.838Z","@fields":{"level":"info"}}
{"@message":"DB Connected on port: 27017...","@timestamp":"2026-05-22T14:06:51.838Z","@fields":{"level":"info"}}
{"@message":"DB Connected on port: 27017...","@timestamp":"2026-05-22T14:06:52.842Z","@fields":{"level":"info"}}
{"@message":"DB Connected on port: 27017...","@timestamp":"2026-05-22T14:06:53.842Z","@fields":{"level":"info"}}
{"@message":"DB Connected on port: 27017...","@timestamp":"2026-05-22T14:06:54.844Z","@fields":{"level":"info"}}
{"@message":"DB Connected on port: 27017...","@timestamp":"2026-05-22T14:06:55.842Z","@fields":{"level":"info"}}
{"@message":"DB Connected on port: 27017...","@timestamp":"2026-05-22T14:06:56.852Z","@fields":{"level":"info"}}
{"@message":"DB Connected on port: 27017...","@timestamp":"2026-05-22T14:06:57.847Z","@fields":{"level":"info"}}
{"@message":"DB Connected on port: 27017...","@timestamp":"2026-05-22T14:06:58.846Z","@fields":{"level":"info"}}
{"@message":"DB Connected on port: 27017...","@timestamp":"2026-05-22T14:06:59.850Z","@fields":{"level":"info"}}
{"@message":"\u001b[39m\u001b[32mCommunicating with Spreadsheet...\n","@timestamp":"2026-05-22T14:07:00.863Z","@fields":{"level":"info"}}
{"@message":"DB Connected on port: 27017...","@timestamp":"2026-05-22T14:07:00.886Z","@fields":{"level":"info"}}
{"@message":"DB Connected on port: 27017...","@timestamp":"2026-05-22T14:07:01.856Z","@fields":{"level":"info"}}
{"@message":"DB Connected on port: 27017...","@timestamp":"2026-05-22T14:07:02.863Z","@fields":{"level":"info"}}
{"@message":"\u001b[39m\u001b[32mUpdated Report information....\n","@timestamp":"2026-05-22T14:07:03.810Z","@fields":{"level":"info"}}
{"@message":"DB Connected on port: 27017...","@timestamp":"2026-05-22T14:07:03.855Z","@fields":{"level":"info"}}
{"@message":"DB Connected on port: 27017...","@timestamp":"2026-05-22T14:07:04.857Z","@fields":{"level":"info"}}
{"@message":"DB Connected on port: 27017...","@timestamp":"2026-05-22T14:07:05.860Z","@fields":{"level":"info"}}
{"@message":"DB Connected on port: 27017...","@timestamp":"2026-05-22T14:07:06.859Z","@fields":{"level":"info"}}
{"@message":"DB Connected on port: 27017...","@timestamp":"2026-05-22T14:07:07.866Z","@fields":{"level":"info"}}
{"@message":"DB Connected on port: 27017...","@timestamp":"2026-05-22T14:07:08.861Z","@fields":{"level":"info"}}
{"@message":"DB Connected on port: 27017...","@timestamp":"2026-05-22T14:07:09.868Z","@fields":{"level":"info"}}
{"@message":"DB Connected on port: 27017...","@timestamp":"2026-05-22T14:07:10.881Z","@fields":{"level":"info"}}
{"@message":"DB Connected on port: 27017...","@timestamp":"2026-05-22T14:07:11.870Z","@fields":{"level":"info"}}
{"@message":"DB Connected on port: 27017...","@timestamp":"2026-05-22T14:07:12.871Z","@fields":{"level":"info"}}
{"@message":"DB Connected on port: 27017...","@timestamp":"2026-05-22T14:07:13.872Z","@fields":{"level":"info"}}
{"@message":"DB Connected on port: 27017...","@timestamp":"2026-05-22T14:07:14.873Z","@fields":{"level":"info"}}
{"@message":"DB Connected on port: 27017...","@timestamp":"2026-05-22T14:07:15.874Z","@fields":{"level":"info"}}
{"@message":"DB Connected on port: 27017...","@timestamp":"2026-05-22T14:07:16.876Z","@fields":{"level":"info"}}
{"@message":"DB Connected on port: 27017...","@timestamp":"2026-05-22T14:07:17.877Z","@fields":{"level":"info"}}
{"@message":"DB Connected on port: 27017...","@timestamp":"2026-05-22T14:07:18.878Z","@fields":{"level":"info"}}
{"@message":"DB Connected on port: 27017...","@timestamp":"2026-05-22T14:07:19.890Z","@fields":{"level":"info"}}
{"@message":"DB Connected on port: 27017...","@timestamp":"2026-05-22T14:07:20.885Z","@fields":{"level":"info"}}
{"@message":"DB Connected on port: 27017...","@timestamp":"2026-05-22T14:07:21.886Z","@fields":{"level":"info"}}
{"@message":"DB Connected on port: 27017...","@timestamp":"2026-05-22T14:07:22.885Z","@fields":{"level":"info"}}
{"@message":"DB Connected on port: 27017...","@timestamp":"2026-05-22T14:07:23.887Z","@fields":{"level":"info"}}
{"@message":"DB Connected on port: 27017...","@timestamp":"2026-05-22T14:07:24.888Z","@fields":{"level":"info"}}
{"@message":"DB Connected on port: 27017...","@timestamp":"2026-05-22T14:07:25.891Z","@fields":{"level":"info"}}
{"@message":"DB Connected on port: 27017...","@timestamp":"2026-05-22T14:07:26.901Z","@fields":{"level":"info"}}
{"@message":"DB Connected on port: 27017...","@timestamp":"2026-05-22T14:07:27.894Z","@fields":{"level":"info"}}
{"@message":"DB Connected on port: 27017...","@timestamp":"2026-05-22T14:07:28.894Z","@fields":{"level":"info"}}
{"@message":"DB Connected on port: 27017...","@timestamp":"2026-05-22T14:07:29.895Z","@fields":{"level":"info"}}
{"@message":"DB Connected on port: 27017...","@timestamp":"2026-05-22T14:07:30.898Z","@fields":{"level":"info"}}
{"@message":"DB Connected on port: 27017...","@timestamp":"2026-05-22T14:07:31.926Z","@fields":{"level":"info"}}
{"@message":"DB Connected on port: 27017...","@timestamp":"2026-05-22T14:07:32.904Z","@fields":{"level":"info"}}
{"@message":"DB Connected on port: 27017...","@timestamp":"2026-05-22T14:07:33.908Z","@fields":{"level":"info"}}
{"@message":"DB Connected on port: 27017...","@timestamp":"2026-05-22T14:07:34.907Z","@fields":{"level":"info"}}
{"@message":"DB Connected on port: 27017...","@timestamp":"2026-05-22T14:07:35.912Z","@fields":{"level":"info"}}
{"@message":"DB Connected on port: 27017...","@timestamp":"2026-05-22T14:07:36.921Z","@fields":{"level":"info"}}
{"@message":"DB Connected on port: 27017...","@timestamp":"2026-05-22T14:07:37.921Z","@fields":{"level":"info"}}
{"@message":"DB Connected on port: 27017...","@timestamp":"2026-05-22T14:07:38.914Z","@fields":{"level":"info"}}
{"@message":"DB Connected on port: 27017...","@timestamp":"2026-05-22T14:07:39.925Z","@fields":{"level":"info"}}
{"@message":"DB Connected on port: 27017...","@timestamp":"2026-05-22T14:07:40.921Z","@fields":{"level":"info"}}
{"@message":"DB Connected on port: 27017...","@timestamp":"2026-05-22T14:07:41.922Z","@fields":{"level":"info"}}
{"@message":"DB Connected on port: 27017...","@timestamp":"2026-05-22T14:07:42.925Z","@fields":{"level":"info"}}
{"@message":"DB Connected on port: 27017...","@timestamp":"2026-05-22T14:07:43.932Z","@fields":{"level":"info"}}
{"@message":"DB Connected on port: 27017...","@timestamp":"2026-05-22T14:07:44.928Z","@fields":{"level":"info"}}
{"@message":"DB Connected on port: 27017...","@timestamp":"2026-05-22T14:07:45.929Z","@fields":{"level":"info"}}
{"@message":"DB Connected on port: 27017...","@timestamp":"2026-05-22T14:07:46.938Z","@fields":{"level":"info"}}
{"@message":"DB Connected on port: 27017...","@timestamp":"2026-05-22T14:07:47.942Z","@fields":{"level":"info"}}
{"@message":"DB Connected on port: 27017...","@timestamp":"2026-05-22T14:07:48.941Z","@fields":{"level":"info"}}
{"@message":"DB Connected on port: 27017...","@timestamp":"2026-05-22T14:07:49.941Z","@fields":{"level":"info"}}
{"@message":"DB Connected on port: 27017...","@timestamp":"2026-05-22T14:07:50.941Z","@fields":{"level":"info"}}
{"@message":"DB Connected on port: 27017...","@timestamp":"2026-05-22T14:07:51.943Z","@fields":{"level":"info"}}
{"@message":"DB Connected on port: 27017...","@timestamp":"2026-05-22T14:07:52.944Z","@fields":{"level":"info"}}
{"@message":"DB Connected on port: 27017...","@timestamp":"2026-05-22T14:07:53.950Z","@fields":{"level":"info"}}
{"@message":"DB Connected on port: 27017...","@timestamp":"2026-05-22T14:07:54.954Z","@fields":{"level":"info"}}
{"@message":"DB Connected on port: 27017...","@timestamp":"2026-05-22T14:07:55.950Z","@fields":{"level":"info"}}
{"@message":"DB Connected on port: 27017...","@timestamp":"2026-05-22T14:07:56.953Z","@fields":{"level":"info"}}
{"@message":"DB Connected on port: 27017...","@timestamp":"2026-05-22T14:07:57.951Z","@fields":{"level":"info"}}
{"@message":"DB Connected on port: 27017...","@timestamp":"2026-05-22T14:07:58.954Z","@fields":{"level":"info"}}
{"@message":"DB Connected on port: 27017...","@timestamp":"2026-05-22T14:07:59.959Z","@fields":{"level":"info"}}
{"@message":"\u001b[39m\u001b[32mCommunicating with Spreadsheet...\n","@timestamp":"2026-05-22T14:08:00.966Z","@fields":{"level":"info"}}
{"@message":"DB Connected on port: 27017...","@timestamp":"2026-05-22T14:08:00.980Z","@fields":{"level":"info"}}
{"@message":"DB Connected on port: 27017...","@timestamp":"2026-05-22T14:08:02.116Z","@fields":{"level":"info"}}
{"@message":"DB Connected on port: 27017...","@timestamp":"2026-05-22T14:08:02.965Z","@fields":{"level":"info"}}
{"@message":"DB Connected on port: 27017...","@timestamp":"2026-05-22T14:08:03.963Z","@fields":{"level":"info"}}
{"@message":"\u001b[39m\u001b[32mUpdated Report information....\n","@timestamp":"2026-05-22T14:08:04.096Z","@fields":{"level":"info"}}
{"@message":"DB Connected on port: 27017...","@timestamp":"2026-05-22T14:08:04.962Z","@fields":{"level":"info"}}
{"@message":"DB Connected on port: 27017...","@timestamp":"2026-05-22T14:08:05.964Z","@fields":{"level":"info"}}
{"@message":"DB Connected on port: 27017...","@timestamp":"2026-05-22T14:08:06.965Z","@fields":{"level":"info"}}
{"@message":"DB Connected on port: 27017...","@timestamp":"2026-05-22T14:08:07.967Z","@fields":{"level":"info"}}
{"@message":"DB Connected on port: 27017...","@timestamp":"2026-05-22T14:08:08.990Z","@fields":{"level":"info"}}
{"@message":"DB Connected on port: 27017...","@timestamp":"2026-05-22T14:08:09.977Z","@fields":{"level":"info"}}
{"@message":"DB Connected on port: 27017...","@timestamp":"2026-05-22T14:08:10.978Z","@fields":{"level":"info"}}
{"@message":"DB Connected on port: 27017...","@timestamp":"2026-05-22T14:08:11.979Z","@fields":{"level":"info"}}
{"@message":"DB Connected on port: 27017...","@timestamp":"2026-05-22T14:08:12.978Z","@fields":{"level":"info"}}
{"@message":"DB Connected on port: 27017...","@timestamp":"2026-05-22T14:08:13.982Z","@fields":{"level":"info"}}
{"@message":"DB Connected on port: 27017...","@timestamp":"2026-05-22T14:08:14.983Z","@fields":{"level":"info"}}
{"@message":"DB Connected on port: 27017...","@timestamp":"2026-05-22T14:08:15.990Z","@fields":{"level":"info"}}
{"@message":"DB Connected on port: 27017...","@timestamp":"2026-05-22T14:08:16.987Z","@fields":{"level":"info"}}
{"@message":"DB Connected on port: 27017...","@timestamp":"2026-05-22T14:08:17.990Z","@fields":{"level":"info"}}
{"@message":"DB Connected on port: 27017...","@timestamp":"2026-05-22T14:08:18.996Z","@fields":{"level":"info"}}
{"@message":"DB Connected on port: 27017...","@timestamp":"2026-05-22T14:08:19.999Z","@fields":{"level":"info"}}
{"@message":"DB Connected on port: 27017...","@timestamp":"2026-05-22T14:08:20.998Z","@fields":{"level":"info"}}
{"@message":"DB Connected on port: 27017...","@timestamp":"2026-05-22T14:08:22.003Z","@fields":{"level":"info"}}
{"@message":"DB Connected on port: 27017...","@timestamp":"2026-05-22T14:08:23.000Z","@fields":{"level":"info"}}
{"@message":"DB Connected on port: 27017...","@timestamp":"2026-05-22T14:08:24.003Z","@fields":{"level":"info"}}
{"@message":"DB Connected on port: 27017...","@timestamp":"2026-05-22T14:08:25.011Z","@fields":{"level":"info"}}
{"@message":"DB Connected on port: 27017...","@timestamp":"2026-05-22T14:08:26.037Z","@fields":{"level":"info"}}
{"@message":"DB Connected on port: 27017...","@timestamp":"2026-05-22T14:08:27.013Z","@fields":{"level":"info"}}
{"@message":"DB Connected on port: 27017...","@timestamp":"2026-05-22T14:08:28.024Z","@fields":{"level":"info"}}
{"@message":"DB Connected on port: 27017...","@timestamp":"2026-05-22T14:08:29.019Z","@fields":{"level":"info"}}
{"@message":"DB Connected on port: 27017...","@timestamp":"2026-05-22T14:08:30.019Z","@fields":{"level":"info"}}
{"@message":"DB Connected on port: 27017...","@timestamp":"2026-05-22T14:08:31.022Z","@fields":{"level":"info"}}
{"@message":"DB Connected on port: 27017...","@timestamp":"2026-05-22T14:08:32.019Z","@fields":{"level":"info"}}
{"@message":"DB Connected on port: 27017...","@timestamp":"2026-05-22T14:08:33.022Z","@fields":{"level":"info"}}
{"@message":"DB Connected on port: 27017...","@timestamp":"2026-05-22T14:08:34.027Z","@fields":{"level":"info"}}
{"@message":"DB Connected on port: 27017...","@timestamp":"2026-05-22T14:08:35.032Z","@fields":{"level":"info"}}
{"@message":"DB Connected on port: 27017...","@timestamp":"2026-05-22T14:08:36.044Z","@fields":{"level":"info"}}
{"@message":"DB Connected on port: 27017...","@timestamp":"2026-05-22T14:08:37.033Z","@fields":{"level":"info"}}
{"@message":"DB Connected on port: 27017...","@timestamp":"2026-05-22T14:08:38.034Z","@fields":{"level":"info"}}
{"@message":"DB Connected on port: 27017...","@timestamp":"2026-05-22T14:08:39.036Z","@fields":{"level":"info"}}
{"@message":"DB Connected on port: 27017...","@timestamp":"2026-05-22T14:08:40.043Z","@fields":{"level":"info"}}
{"@message":"DB Connected on port: 27017...","@timestamp":"2026-05-22T14:08:41.037Z","@fields":{"level":"info"}}
{"@message":"DB Connected on port: 27017...","@timestamp":"2026-05-22T14:08:42.039Z","@fields":{"level":"info"}}
{"@message":"DB Connected on port: 27017...","@timestamp":"2026-05-22T14:08:43.040Z","@fields":{"level":"info"}}
{"@message":"DB Connected on port: 27017...","@timestamp":"2026-05-22T14:08:44.041Z","@fields":{"level":"info"}}
{"@message":"DB Connected on port: 27017...","@timestamp":"2026-05-22T14:08:45.042Z","@fields":{"level":"info"}}
{"@message":"DB Connected on port: 27017...","@timestamp":"2026-05-22T14:08:46.043Z","@fields":{"level":"info"}}
{"@message":"DB Connected on port: 27017...","@timestamp":"2026-05-22T14:08:47.044Z","@fields":{"level":"info"}}
{"@message":"DB Connected on port: 27017...","@timestamp":"2026-05-22T14:08:48.046Z","@fields":{"level":"info"}}
{"@message":"DB Connected on port: 27017...","@timestamp":"2026-05-22T14:08:49.048Z","@fields":{"level":"info"}}
{"@message":"DB Connected on port: 27017...","@timestamp":"2026-05-22T14:08:50.049Z","@fields":{"level":"info"}}
{"@message":"DB Connected on port: 27017...","@timestamp":"2026-05-22T14:08:51.049Z","@fields":{"level":"info"}}
{"@message":"DB Connected on port: 27017...","@timestamp":"2026-05-22T14:08:52.052Z","@fields":{"level":"info"}}
{"@message":"DB Connected on port: 27017...","@timestamp":"2026-05-22T14:08:53.053Z","@fields":{"level":"info"}}
{"@message":"DB Connected on port: 27017...","@timestamp":"2026-05-22T14:08:54.053Z","@fields":{"level":"info"}}
{"@message":"DB Connected on port: 27017...","@timestamp":"2026-05-22T14:08:55.061Z","@fields":{"level":"info"}}
{"@message":"DB Connected on port: 27017...","@timestamp":"2026-05-22T14:08:56.057Z","@fields":{"level":"info"}}
{"@message":"DB Connected on port: 27017...","@timestamp":"2026-05-22T14:08:57.056Z","@fields":{"level":"info"}}
{"@message":"DB Connected on port: 27017...","@timestamp":"2026-05-22T14:08:58.059Z","@fields":{"level":"info"}}
{"@message":"DB Connected on port: 27017...","@timestamp":"2026-05-22T14:08:59.061Z","@fields":{"level":"info"}}
{"@message":"\u001b[39m\u001b[32mCommunicating with Spreadsheet...\n","@timestamp":"2026-05-22T14:09:00.070Z","@fields":{"level":"info"}}
{"@message":"DB Connected on port: 27017...","@timestamp":"2026-05-22T14:09:00.117Z","@fields":{"level":"info"}}
{"@message":"DB Connected on port: 27017...","@timestamp":"2026-05-22T14:09:01.072Z","@fields":{"level":"info"}}
{"@message":"DB Connected on port: 27017...","@timestamp":"2026-05-22T14:09:02.065Z","@fields":{"level":"info"}}
{"@message":"DB Connected on port: 27017...","@timestamp":"2026-05-22T14:09:03.068Z","@fields":{"level":"info"}}
{"@message":"\u001b[39m\u001b[32mUpdated Report information....\n","@timestamp":"2026-05-22T14:09:03.605Z","@fields":{"level":"info"}}
{"@message":"DB Connected on port: 27017...","@timestamp":"2026-05-22T14:09:04.067Z","@fields":{"level":"info"}}
{"@message":"DB Connected on port: 27017...","@timestamp":"2026-05-22T14:09:05.067Z","@fields":{"level":"info"}}
{"@message":"DB Connected on port: 27017...","@timestamp":"2026-05-22T14:09:06.069Z","@fields":{"level":"info"}}
{"@message":"DB Connected on port: 27017...","@timestamp":"2026-05-22T14:09:07.073Z","@fields":{"level":"info"}}
{"@message":"DB Connected on port: 27017...","@timestamp":"2026-05-22T14:09:08.072Z","@fields":{"level":"info"}}
{"@message":"DB Connected on port: 27017...","@timestamp":"2026-05-22T14:09:09.075Z","@fields":{"level":"info"}}
{"@message":"DB Connected on port: 27017...","@timestamp":"2026-05-22T14:09:10.073Z","@fields":{"level":"info"}}
{"@message":"DB Connected on port: 27017...","@timestamp":"2026-05-22T14:09:11.074Z","@fields":{"level":"info"}}
{"@message":"DB Connected on port: 27017...","@timestamp":"2026-05-22T14:09:12.076Z","@fields":{"level":"info"}}
{"@message":"DB Connected on port: 27017...","@timestamp":"2026-05-22T14:09:13.077Z","@fields":{"level":"info"}}
{"@message":"DB Connected on port: 27017...","@timestamp":"2026-05-22T14:09:14.078Z","@fields":{"level":"info"}}
{"@message":"DB Connected on port: 27017...","@timestamp":"2026-05-22T14:09:15.079Z","@fields":{"level":"info"}}
{"@message":"DB Connected on port: 27017...","@timestamp":"2026-05-22T14:09:16.079Z","@fields":{"level":"info"}}
{"@message":"DB Connected on port: 27017...","@timestamp":"2026-05-22T14:09:17.081Z","@fields":{"level":"info"}}
{"@message":"DB Connected on port: 27017...","@timestamp":"2026-05-22T14:09:18.081Z","@fields":{"level":"info"}}
{"@message":"DB Connected on port: 27017...","@timestamp":"2026-05-22T14:09:19.083Z","@fields":{"level":"info"}}
{"@message":"DB Connected on port: 27017...","@timestamp":"2026-05-22T14:09:20.082Z","@fields":{"level":"info"}}
{"@message":"DB Connected on port: 27017...","@timestamp":"2026-05-22T14:09:21.084Z","@fields":{"level":"info"}}
{"@message":"DB Connected on port: 27017...","@timestamp":"2026-05-22T14:09:22.084Z","@fields":{"level":"info"}}
{"@message":"DB Connected on port: 27017...","@timestamp":"2026-05-22T14:09:23.084Z","@fields":{"level":"info"}}
{"@message":"DB Connected on port: 27017...","@timestamp":"2026-05-22T14:09:24.085Z","@fields":{"level":"info"}}
{"@message":"DB Connected on port: 27017...","@timestamp":"2026-05-22T14:09:25.086Z","@fields":{"level":"info"}}
{"@message":"DB Connected on port: 27017...","@timestamp":"2026-05-22T14:09:26.086Z","@fields":{"level":"info"}}
{"@message":"DB Connected on port: 27017...","@timestamp":"2026-05-22T14:09:27.153Z","@fields":{"level":"info"}}
{"@message":"DB Connected on port: 27017...","@timestamp":"2026-05-22T14:09:28.097Z","@fields":{"level":"info"}}
{"@message":"DB Connected on port: 27017...","@timestamp":"2026-05-22T14:09:29.099Z","@fields":{"level":"info"}}
{"@message":"DB Connected on port: 27017...","@timestamp":"2026-05-22T14:09:30.100Z","@fields":{"level":"info"}}
{"@message":"DB Connected on port: 27017...","@timestamp":"2026-05-22T14:09:31.101Z","@fields":{"level":"info"}}
{"@message":"DB Connected on port: 27017...","@timestamp":"2026-05-22T14:09:32.103Z","@fields":{"level":"info"}}
{"@message":"DB Connected on port: 27017...","@timestamp":"2026-05-22T14:09:33.102Z","@fields":{"level":"info"}}
{"@message":"DB Connected on port: 27017...","@timestamp":"2026-05-22T14:09:34.108Z","@fields":{"level":"info"}}
{"@message":"DB Connected on port: 27017...","@timestamp":"2026-05-22T14:09:35.107Z","@fields":{"level":"info"}}
{"@message":"DB Connected on port: 27017...","@timestamp":"2026-05-22T14:09:36.106Z","@fields":{"level":"info"}}
{"@message":"DB Connected on port: 27017...","@timestamp":"2026-05-22T14:09:37.118Z","@fields":{"level":"info"}}
{"@message":"DB Connected on port: 27017...","@timestamp":"2026-05-22T14:09:38.112Z","@fields":{"level":"info"}}
{"@message":"DB Connected on port: 27017...","@timestamp":"2026-05-22T14:09:39.109Z","@fields":{"level":"info"}}
{"@message":"DB Connected on port: 27017...","@timestamp":"2026-05-22T14:09:40.110Z","@fields":{"level":"info"}}
{"@message":"DB Connected on port: 27017...","@timestamp":"2026-05-22T14:09:41.110Z","@fields":{"level":"info"}}
{"@message":"DB Connected on port: 27017...","@timestamp":"2026-05-22T14:09:42.113Z","@fields":{"level":"info"}}
{"@message":"DB Connected on port: 27017...","@timestamp":"2026-05-22T14:09:43.117Z","@fields":{"level":"info"}}
{"@message":"DB Connected on port: 27017...","@timestamp":"2026-05-22T14:09:44.116Z","@fields":{"level":"info"}}
{"@message":"DB Connected on port: 27017...","@timestamp":"2026-05-22T14:09:45.120Z","@fields":{"level":"info"}}
{"@message":"DB Connected on port: 27017...","@timestamp":"2026-05-22T14:09:46.119Z","@fields":{"level":"info"}}
{"@message":"DB Connected on port: 27017...","@timestamp":"2026-05-22T14:09:47.122Z","@fields":{"level":"info"}}
{"@message":"DB Connected on port: 27017...","@timestamp":"2026-05-22T14:09:48.125Z","@fields":{"level":"info"}}
{"@message":"DB Connected on port: 27017...","@timestamp":"2026-05-22T14:09:49.129Z","@fields":{"level":"info"}}
{"@message":"DB Connected on port: 27017...","@timestamp":"2026-05-22T14:09:50.125Z","@fields":{"level":"info"}}
{"@message":"DB Connected on port: 27017...","@timestamp":"2026-05-22T14:09:51.126Z","@fields":{"level":"info"}}
{"@message":"DB Connected on port: 27017...","@timestamp":"2026-05-22T14:09:52.133Z","@fields":{"level":"info"}}
{"@message":"DB Connected on port: 27017...","@timestamp":"2026-05-22T14:09:53.129Z","@fields":{"level":"info"}}
{"@message":"DB Connected on port: 27017...","@timestamp":"2026-05-22T14:09:54.157Z","@fields":{"level":"info"}}
{"@message":"DB Connected on port: 27017...","@timestamp":"2026-05-22T14:09:55.132Z","@fields":{"level":"info"}}
{"@message":"DB Connected on port: 27017...","@timestamp":"2026-05-22T14:09:56.133Z","@fields":{"level":"info"}}
{"@message":"DB Connected on port: 27017...","@timestamp":"2026-05-22T14:09:57.133Z","@fields":{"level":"info"}}
{"@message":"DB Connected on port: 27017...","@timestamp":"2026-05-22T14:09:58.135Z","@fields":{"level":"info"}}
{"@message":"DB Connected on port: 27017...","@timestamp":"2026-05-22T14:09:59.135Z","@fields":{"level":"info"}}
{"@message":"\u001b[39m\u001b[32mCommunicating with Spreadsheet...\n","@timestamp":"2026-05-22T14:10:00.136Z","@fields":{"level":"info"}}
{"@message":"DB Connected on port: 27017...","@timestamp":"2026-05-22T14:10:00.156Z","@fields":{"level":"info"}}
{"@message":"DB Connected on port: 27017...","@timestamp":"2026-05-22T14:10:01.136Z","@fields":{"level":"info"}}
{"@message":"DB Connected on port: 27017...","@timestamp":"2026-05-22T14:10:02.136Z","@fields":{"level":"info"}}
{"@message":"\u001b[39m\u001b[32mUpdated Report information....\n","@timestamp":"2026-05-22T14:10:02.720Z","@fields":{"level":"info"}}
{"@message":"DB Connected on port: 27017...","@timestamp":"2026-05-22T14:10:03.140Z","@fields":{"level":"info"}}
{"@message":"DB Connected on port: 27017...","@timestamp":"2026-05-22T14:10:04.140Z","@fields":{"level":"info"}}
{"@message":"DB Connected on port: 27017...","@timestamp":"2026-05-22T14:10:05.140Z","@fields":{"level":"info"}}
{"@message":"DB Connected on port: 27017...","@timestamp":"2026-05-22T14:10:06.141Z","@fields":{"level":"info"}}
{"@message":"DB Connected on port: 27017...","@timestamp":"2026-05-22T14:10:07.143Z","@fields":{"level":"info"}}
{"@message":"DB Connected on port: 27017...","@timestamp":"2026-05-22T14:10:08.148Z","@fields":{"level":"info"}}
{"@message":"DB Connected on port: 27017...","@timestamp":"2026-05-22T14:10:09.149Z","@fields":{"level":"info"}}
{"@message":"DB Connected on port: 27017...","@timestamp":"2026-05-22T14:10:10.150Z","@fields":{"level":"info"}}
{"@message":"DB Connected on port: 27017...","@timestamp":"2026-05-22T14:10:11.148Z","@fields":{"level":"info"}}
{"@message":"DB Connected on port: 27017...","@timestamp":"2026-05-22T14:10:12.154Z","@fields":{"level":"info"}}
{"@message":"DB Connected on port: 27017...","@timestamp":"2026-05-22T14:10:13.151Z","@fields":{"level":"info"}}
{"@message":"DB Connected on port: 27017...","@timestamp":"2026-05-22T14:10:14.154Z","@fields":{"level":"info"}}
{"@message":"DB Connected on port: 27017...","@timestamp":"2026-05-22T14:10:15.154Z","@fields":{"level":"info"}}
{"@message":"DB Connected on port: 27017...","@timestamp":"2026-05-22T14:10:16.154Z","@fields":{"level":"info"}}
{"@message":"DB Connected on port: 27017...","@timestamp":"2026-05-22T14:10:17.156Z","@fields":{"level":"info"}}
{"@message":"DB Connected on port: 27017...","@timestamp":"2026-05-22T14:10:18.160Z","@fields":{"level":"info"}}
{"@message":"DB Connected on port: 27017...","@timestamp":"2026-05-22T14:10:19.161Z","@fields":{"level":"info"}}
{"@message":"DB Connected on port: 27017...","@timestamp":"2026-05-22T14:10:20.158Z","@fields":{"level":"info"}}
{"@message":"DB Connected on port: 27017...","@timestamp":"2026-05-22T14:10:21.160Z","@fields":{"level":"info"}}
{"@message":"DB Connected on port: 27017...","@timestamp":"2026-05-22T14:10:22.164Z","@fields":{"level":"info"}}
{"@message":"DB Connected on port: 27017...","@timestamp":"2026-05-22T14:10:23.167Z","@fields":{"level":"info"}}
{"@message":"DB Connected on port: 27017...","@timestamp":"2026-05-22T14:10:24.169Z","@fields":{"level":"info"}}
{"@message":"DB Connected on port: 27017...","@timestamp":"2026-05-22T14:10:25.171Z","@fields":{"level":"info"}}
{"@message":"DB Connected on port: 27017...","@timestamp":"2026-05-22T14:10:26.172Z","@fields":{"level":"info"}}
{"@message":"DB Connected on port: 27017...","@timestamp":"2026-05-22T14:10:27.174Z","@fields":{"level":"info"}}
{"@message":"DB Connected on port: 27017...","@timestamp":"2026-05-22T14:10:28.175Z","@fields":{"level":"info"}}
{"@message":"DB Connected on port: 27017...","@timestamp":"2026-05-22T14:10:29.180Z","@fields":{"level":"info"}}
{"@message":"DB Connected on port: 27017...","@timestamp":"2026-05-22T14:10:30.181Z","@fields":{"level":"info"}}
{"@message":"DB Connected on port: 27017...","@timestamp":"2026-05-22T14:10:31.181Z","@fields":{"level":"info"}}
{"@message":"DB Connected on port: 27017...","@timestamp":"2026-05-22T14:10:32.188Z","@fields":{"level":"info"}}
{"@message":"DB Connected on port: 27017...","@timestamp":"2026-05-22T14:10:33.188Z","@fields":{"level":"info"}}
{"@message":"DB Connected on port: 27017...","@timestamp":"2026-05-22T14:10:34.187Z","@fields":{"level":"info"}}
{"@message":"DB Connected on port: 27017...","@timestamp":"2026-05-22T14:10:35.188Z","@fields":{"level":"info"}}
{"@message":"DB Connected on port: 27017...","@timestamp":"2026-05-22T14:10:36.188Z","@fields":{"level":"info"}}
{"@message":"DB Connected on port: 27017...","@timestamp":"2026-05-22T14:10:37.192Z","@fields":{"level":"info"}}
{"@message":"DB Connected on port: 27017...","@timestamp":"2026-05-22T14:10:38.193Z","@fields":{"level":"info"}}
{"@message":"DB Connected on port: 27017...","@timestamp":"2026-05-22T14:10:39.195Z","@fields":{"level":"info"}}
{"@message":"DB Connected on port: 27017...","@timestamp":"2026-05-22T14:10:40.197Z","@fields":{"level":"info"}}
{"@message":"DB Connected on port: 27017...","@timestamp":"2026-05-22T14:10:41.199Z","@fields":{"level":"info"}}
{"@message":"DB Connected on port: 27017...","@timestamp":"2026-05-22T14:10:42.202Z","@fields":{"level":"info"}}
{"@message":"DB Connected on port: 27017...","@timestamp":"2026-05-22T14:10:43.202Z","@fields":{"level":"info"}}
{"@message":"DB Connected on port: 27017...","@timestamp":"2026-05-22T14:10:44.207Z","@fields":{"level":"info"}}
{"@message":"DB Connected on port: 27017...","@timestamp":"2026-05-22T14:10:45.215Z","@fields":{"level":"info"}}
{"@message":"DB Connected on port: 27017...","@timestamp":"2026-05-22T14:10:46.218Z","@fields":{"level":"info"}}
{"@message":"DB Connected on port: 27017...","@timestamp":"2026-05-22T14:10:47.216Z","@fields":{"level":"info"}}
{"@message":"DB Connected on port: 27017...","@timestamp":"2026-05-22T14:10:48.214Z","@fields":{"level":"info"}}
{"@message":"DB Connected on port: 27017...","@timestamp":"2026-05-22T14:10:49.220Z","@fields":{"level":"info"}}
{"@message":"DB Connected on port: 27017...","@timestamp":"2026-05-22T14:10:50.218Z","@fields":{"level":"info"}}
{"@message":"DB Connected on port: 27017...","@timestamp":"2026-05-22T14:10:51.215Z","@fields":{"level":"info"}}
{"@message":"DB Connected on port: 27017...","@timestamp":"2026-05-22T14:10:52.216Z","@fields":{"level":"info"}}
{"@message":"DB Connected on port: 27017...","@timestamp":"2026-05-22T14:10:53.217Z","@fields":{"level":"info"}}
{"@message":"DB Connected on port: 27017...","@timestamp":"2026-05-22T14:10:54.216Z","@fields":{"level":"info"}}
{"@message":"DB Connected on port: 27017...","@timestamp":"2026-05-22T14:10:55.219Z","@fields":{"level":"info"}}
{"@message":"DB Connected on port: 27017...","@timestamp":"2026-05-22T14:10:56.218Z","@fields":{"level":"info"}}
{"@message":"DB Connected on port: 27017...","@timestamp":"2026-05-22T14:10:57.218Z","@fields":{"level":"info"}}
{"@message":"DB Connected on port: 27017...","@timestamp":"2026-05-22T14:10:58.221Z","@fields":{"level":"info"}}
{"@message":"DB Connected on port: 27017...","@timestamp":"2026-05-22T14:10:59.226Z","@fields":{"level":"info"}}
{"@message":"\u001b[39m\u001b[32mCommunicating with Spreadsheet...\n","@timestamp":"2026-05-22T14:11:00.225Z","@fields":{"level":"info"}}
{"@message":"DB Connected on port: 27017...","@timestamp":"2026-05-22T14:11:00.232Z","@fields":{"level":"info"}}
{"@message":"DB Connected on port: 27017...","@timestamp":"2026-05-22T14:11:01.223Z","@fields":{"level":"info"}}
{"@message":"\u001b[39m\u001b[32mUpdated Report information....\n","@timestamp":"2026-05-22T14:11:01.790Z","@fields":{"level":"info"}}
{"@message":"DB Connected on port: 27017...","@timestamp":"2026-05-22T14:11:02.226Z","@fields":{"level":"info"}}
{"@message":"DB Connected on port: 27017...","@timestamp":"2026-05-22T14:11:03.225Z","@fields":{"level":"info"}}
{"@message":"DB Connected on port: 27017...","@timestamp":"2026-05-22T14:11:04.231Z","@fields":{"level":"info"}}
{"@message":"DB Connected on port: 27017...","@timestamp":"2026-05-22T14:11:05.228Z","@fields":{"level":"info"}}
{"@message":"DB Connected on port: 27017...","@timestamp":"2026-05-22T14:11:06.228Z","@fields":{"level":"info"}}
{"@message":"DB Connected on port: 27017...","@timestamp":"2026-05-22T14:11:07.228Z","@fields":{"level":"info"}}
{"@message":"DB Connected on port: 27017...","@timestamp":"2026-05-22T14:11:08.229Z","@fields":{"level":"info"}}
{"@message":"DB Connected on port: 27017...","@timestamp":"2026-05-22T14:11:09.239Z","@fields":{"level":"info"}}
{"@message":"DB Connected on port: 27017...","@timestamp":"2026-05-22T14:11:10.234Z","@fields":{"level":"info"}}
{"@message":"DB Connected on port: 27017...","@timestamp":"2026-05-22T14:11:11.233Z","@fields":{"level":"info"}}
{"@message":"DB Connected on port: 27017...","@timestamp":"2026-05-22T14:11:12.235Z","@fields":{"level":"info"}}
{"@message":"DB Connected on port: 27017...","@timestamp":"2026-05-22T14:11:13.235Z","@fields":{"level":"info"}}
{"@message":"DB Connected on port: 27017...","@timestamp":"2026-05-22T14:11:14.238Z","@fields":{"level":"info"}}
{"@message":"DB Connected on port: 27017...","@timestamp":"2026-05-22T14:11:15.251Z","@fields":{"level":"info"}}
{"@message":"DB Connected on port: 27017...","@timestamp":"2026-05-22T14:11:16.244Z","@fields":{"level":"info"}}
{"@message":"DB Connected on port: 27017...","@timestamp":"2026-05-22T14:11:17.243Z","@fields":{"level":"info"}}
{"@message":"DB Connected on port: 27017...","@timestamp":"2026-05-22T14:11:18.244Z","@fields":{"level":"info"}}
{"@message":"DB Connected on port: 27017...","@timestamp":"2026-05-22T14:11:19.245Z","@fields":{"level":"info"}}
{"@message":"DB Connected on port: 27017...","@timestamp":"2026-05-22T14:11:20.246Z","@fields":{"level":"info"}}
{"@message":"DB Connected on port: 27017...","@timestamp":"2026-05-22T14:11:21.247Z","@fields":{"level":"info"}}
{"@message":"DB Connected on port: 27017...","@timestamp":"2026-05-22T14:11:22.250Z","@fields":{"level":"info"}}
{"@message":"DB Connected on port: 27017...","@timestamp":"2026-05-22T14:11:23.252Z","@fields":{"level":"info"}}
{"@message":"DB Connected on port: 27017...","@timestamp":"2026-05-22T14:11:24.247Z","@fields":{"level":"info"}}
{"@message":"DB Connected on port: 27017...","@timestamp":"2026-05-22T14:11:25.248Z","@fields":{"level":"info"}}
{"@message":"DB Connected on port: 27017...","@timestamp":"2026-05-22T14:11:26.249Z","@fields":{"level":"info"}}
{"@message":"DB Connected on port: 27017...","@timestamp":"2026-05-22T14:11:27.252Z","@fields":{"level":"info"}}
{"@message":"DB Connected on port: 27017...","@timestamp":"2026-05-22T14:11:28.250Z","@fields":{"level":"info"}}
{"@message":"DB Connected on port: 27017...","@timestamp":"2026-05-22T14:11:29.251Z","@fields":{"level":"info"}}
{"@message":"DB Connected on port: 27017...","@timestamp":"2026-05-22T14:11:30.253Z","@fields":{"level":"info"}}
{"@message":"DB Connected on port: 27017...","@timestamp":"2026-05-22T14:11:31.253Z","@fields":{"level":"info"}}
{"@message":"DB Connected on port: 27017...","@timestamp":"2026-05-22T14:11:32.255Z","@fields":{"level":"info"}}
{"@message":"DB Connected on port: 27017...","@timestamp":"2026-05-22T14:11:33.254Z","@fields":{"level":"info"}}
{"@message":"DB Connected on port: 27017...","@timestamp":"2026-05-22T14:11:34.255Z","@fields":{"level":"info"}}
{"@message":"DB Connected on port: 27017...","@timestamp":"2026-05-22T14:11:35.257Z","@fields":{"level":"info"}}
{"@message":"DB Connected on port: 27017...","@timestamp":"2026-05-22T14:11:36.257Z","@fields":{"level":"info"}}
{"@message":"DB Connected on port: 27017...","@timestamp":"2026-05-22T14:11:37.260Z","@fields":{"level":"info"}}
{"@message":"DB Connected on port: 27017...","@timestamp":"2026-05-22T14:11:38.271Z","@fields":{"level":"info"}}
{"@message":"DB Connected on port: 27017...","@timestamp":"2026-05-22T14:11:39.275Z","@fields":{"level":"info"}}
{"@message":"DB Connected on port: 27017...","@timestamp":"2026-05-22T14:11:40.273Z","@fields":{"level":"info"}}
{"@message":"DB Connected on port: 27017...","@timestamp":"2026-05-22T14:11:41.273Z","@fields":{"level":"info"}}
{"@message":"DB Connected on port: 27017...","@timestamp":"2026-05-22T14:11:42.280Z","@fields":{"level":"info"}}
{"@message":"DB Connected on port: 27017...","@timestamp":"2026-05-22T14:11:43.279Z","@fields":{"level":"info"}}
{"@message":"DB Connected on port: 27017...","@timestamp":"2026-05-22T14:11:44.281Z","@fields":{"level":"info"}}
{"@message":"DB Connected on port: 27017...","@timestamp":"2026-05-22T14:11:45.279Z","@fields":{"level":"info"}}
{"@message":"DB Connected on port: 27017...","@timestamp":"2026-05-22T14:11:46.284Z","@fields":{"level":"info"}}
{"@message":"DB Connected on port: 27017...","@timestamp":"2026-05-22T14:11:47.287Z","@fields":{"level":"info"}}
{"@message":"DB Connected on port: 27017...","@timestamp":"2026-05-22T14:11:48.288Z","@fields":{"level":"info"}}
{"@message":"DB Connected on port: 27017...","@timestamp":"2026-05-22T14:11:49.288Z","@fields":{"level":"info"}}
{"@message":"DB Connected on port: 27017...","@timestamp":"2026-05-22T14:11:50.292Z","@fields":{"level":"info"}}
{"@message":"DB Connected on port: 27017...","@timestamp":"2026-05-22T14:11:51.297Z","@fields":{"level":"info"}}
{"@message":"DB Connected on port: 27017...","@timestamp":"2026-05-22T14:11:52.293Z","@fields":{"level":"info"}}
{"@message":"DB Connected on port: 27017...","@timestamp":"2026-05-22T14:11:53.294Z","@fields":{"level":"info"}}
{"@message":"DB Connected on port: 27017...","@timestamp":"2026-05-22T14:11:54.295Z","@fields":{"level":"info"}}
{"@message":"DB Connected on port: 27017...","@timestamp":"2026-05-22T14:11:55.297Z","@fields":{"level":"info"}}
{"@message":"DB Connected on port: 27017...","@timestamp":"2026-05-22T14:11:56.302Z","@fields":{"level":"info"}}
{"@message":"DB Connected on port: 27017...","@timestamp":"2026-05-22T14:11:57.299Z","@fields":{"level":"info"}}
{"@message":"DB Connected on port: 27017...","@timestamp":"2026-05-22T14:11:58.302Z","@fields":{"level":"info"}}
{"@message":"DB Connected on port: 27017...","@timestamp":"2026-05-22T14:11:59.303Z","@fields":{"level":"info"}}
{"@message":"\u001b[39m\u001b[32mCommunicating with Spreadsheet...\n","@timestamp":"2026-05-22T14:12:00.303Z","@fields":{"level":"info"}}
{"@message":"DB Connected on port: 27017...","@timestamp":"2026-05-22T14:12:00.320Z","@fields":{"level":"info"}}
{"@message":"DB Connected on port: 27017...","@timestamp":"2026-05-22T14:12:01.309Z","@fields":{"level":"info"}}
{"@message":"DB Connected on port: 27017...","@timestamp":"2026-05-22T14:12:02.308Z","@fields":{"level":"info"}}
{"@message":"\u001b[39m\u001b[32mUpdated Report information....\n","@timestamp":"2026-05-22T14:12:02.850Z","@fields":{"level":"info"}}
{"@message":"DB Connected on port: 27017...","@timestamp":"2026-05-22T14:12:03.309Z","@fields":{"level":"info"}}
{"@message":"DB Connected on port: 27017...","@timestamp":"2026-05-22T14:12:04.310Z","@fields":{"level":"info"}}
{"@message":"DB Connected on port: 27017...","@timestamp":"2026-05-22T14:12:05.310Z","@fields":{"level":"info"}}
{"@message":"DB Connected on port: 27017...","@timestamp":"2026-05-22T14:12:06.311Z","@fields":{"level":"info"}}
{"@message":"DB Connected on port: 27017...","@timestamp":"2026-05-22T14:12:07.312Z","@fields":{"level":"info"}}
{"@message":"DB Connected on port: 27017...","@timestamp":"2026-05-22T14:12:08.318Z","@fields":{"level":"info"}}
{"@message":"DB Connected on port: 27017...","@timestamp":"2026-05-22T14:12:09.314Z","@fields":{"level":"info"}}
{"@message":"DB Connected on port: 27017...","@timestamp":"2026-05-22T14:12:10.316Z","@fields":{"level":"info"}}
{"@message":"DB Connected on port: 27017...","@timestamp":"2026-05-22T14:12:11.325Z","@fields":{"level":"info"}}
{"@message":"DB Connected on port: 27017...","@timestamp":"2026-05-22T14:12:12.325Z","@fields":{"level":"info"}}
{"@message":"DB Connected on port: 27017...","@timestamp":"2026-05-22T14:12:13.322Z","@fields":{"level":"info"}}
{"@message":"DB Connected on port: 27017...","@timestamp":"2026-05-22T14:12:14.323Z","@fields":{"level":"info"}}
{"@message":"DB Connected on port: 27017...","@timestamp":"2026-05-22T14:12:15.331Z","@fields":{"level":"info"}}
{"@message":"DB Connected on port: 27017...","@timestamp":"2026-05-22T14:12:16.325Z","@fields":{"level":"info"}}
{"@message":"DB Connected on port: 27017...","@timestamp":"2026-05-22T14:12:17.327Z","@fields":{"level":"info"}}
{"@message":"DB Connected on port: 27017...","@timestamp":"2026-05-22T14:12:18.328Z","@fields":{"level":"info"}}
{"@message":"DB Connected on port: 27017...","@timestamp":"2026-05-22T14:12:19.330Z","@fields":{"level":"info"}}
{"@message":"DB Connected on port: 27017...","@timestamp":"2026-05-22T14:12:20.331Z","@fields":{"level":"info"}}
{"@message":"DB Connected on port: 27017...","@timestamp":"2026-05-22T14:12:21.343Z","@fields":{"level":"info"}}
{"@message":"DB Connected on port: 27017...","@timestamp":"2026-05-22T14:12:22.340Z","@fields":{"level":"info"}}
{"@message":"DB Connected on port: 27017...","@timestamp":"2026-05-22T14:12:23.337Z","@fields":{"level":"info"}}
{"@message":"DB Connected on port: 27017...","@timestamp":"2026-05-22T14:12:24.340Z","@fields":{"level":"info"}}
{"@message":"DB Connected on port: 27017...","@timestamp":"2026-05-22T14:12:25.338Z","@fields":{"level":"info"}}
{"@message":"DB Connected on port: 27017...","@timestamp":"2026-05-22T14:12:26.353Z","@fields":{"level":"info"}}
{"@message":"DB Connected on port: 27017...","@timestamp":"2026-05-22T14:12:27.343Z","@fields":{"level":"info"}}
{"@message":"DB Connected on port: 27017...","@timestamp":"2026-05-22T14:12:28.348Z","@fields":{"level":"info"}}
{"@message":"DB Connected on port: 27017...","@timestamp":"2026-05-22T14:12:29.351Z","@fields":{"level":"info"}}
{"@message":"DB Connected on port: 27017...","@timestamp":"2026-05-22T14:12:30.346Z","@fields":{"level":"info"}}
{"@message":"DB Connected on port: 27017...","@timestamp":"2026-05-22T14:12:31.348Z","@fields":{"level":"info"}}
{"@message":"DB Connected on port: 27017...","@timestamp":"2026-05-22T14:12:32.350Z","@fields":{"level":"info"}}
{"@message":"DB Connected on port: 27017...","@timestamp":"2026-05-22T14:12:33.348Z","@fields":{"level":"info"}}
{"@message":"DB Connected on port: 27017...","@timestamp":"2026-05-22T14:12:34.350Z","@fields":{"level":"info"}}
{"@message":"DB Connected on port: 27017...","@timestamp":"2026-05-22T14:12:35.351Z","@fields":{"level":"info"}}
{"@message":"DB Connected on port: 27017...","@timestamp":"2026-05-22T14:12:36.356Z","@fields":{"level":"info"}}
{"@message":"DB Connected on port: 27017...","@timestamp":"2026-05-22T14:12:37.359Z","@fields":{"level":"info"}}
{"@message":"DB Connected on port: 27017...","@timestamp":"2026-05-22T14:12:38.357Z","@fields":{"level":"info"}}
{"@message":"DB Connected on port: 27017...","@timestamp":"2026-05-22T14:12:39.386Z","@fields":{"level":"info"}}
{"@message":"DB Connected on port: 27017...","@timestamp":"2026-05-22T14:12:40.365Z","@fields":{"level":"info"}}
{"@message":"DB Connected on port: 27017...","@timestamp":"2026-05-22T14:12:41.366Z","@fields":{"level":"info"}}
{"@message":"DB Connected on port: 27017...","@timestamp":"2026-05-22T14:12:42.367Z","@fields":{"level":"info"}}
{"@message":"DB Connected on port: 27017...","@timestamp":"2026-05-22T14:12:43.367Z","@fields":{"level":"info"}}
{"@message":"DB Connected on port: 27017...","@timestamp":"2026-05-22T14:12:44.366Z","@fields":{"level":"info"}}
{"@message":"DB Connected on port: 27017...","@timestamp":"2026-05-22T14:12:45.377Z","@fields":{"level":"info"}}
{"@message":"DB Connected on port: 27017...","@timestamp":"2026-05-22T14:12:46.370Z","@fields":{"level":"info"}}
{"@message":"DB Connected on port: 27017...","@timestamp":"2026-05-22T14:12:47.373Z","@fields":{"level":"info"}}
{"@message":"DB Connected on port: 27017...","@timestamp":"2026-05-22T14:12:48.372Z","@fields":{"level":"info"}}
{"@message":"DB Connected on port: 27017...","@timestamp":"2026-05-22T14:12:49.373Z","@fields":{"level":"info"}}
{"@message":"DB Connected on port: 27017...","@timestamp":"2026-05-22T14:12:50.372Z","@fields":{"level":"info"}}
{"@message":"DB Connected on port: 27017...","@timestamp":"2026-05-22T14:12:51.375Z","@fields":{"level":"info"}}
{"@message":"DB Connected on port: 27017...","@timestamp":"2026-05-22T14:12:52.378Z","@fields":{"level":"info"}}
{"@message":"DB Connected on port: 27017...","@timestamp":"2026-05-22T14:12:53.381Z","@fields":{"level":"info"}}
{"@message":"DB Connected on port: 27017...","@timestamp":"2026-05-22T14:12:54.389Z","@fields":{"level":"info"}}
{"@message":"DB Connected on port: 27017...","@timestamp":"2026-05-22T14:12:55.397Z","@fields":{"level":"info"}}
{"@message":"DB Connected on port: 27017...","@timestamp":"2026-05-22T14:12:56.395Z","@fields":{"level":"info"}}
{"@message":"DB Connected on port: 27017...","@timestamp":"2026-05-22T14:12:57.405Z","@fields":{"level":"info"}}
{"@message":"DB Connected on port: 27017...","@timestamp":"2026-05-22T14:12:58.411Z","@fields":{"level":"info"}}
{"@message":"DB Connected on port: 27017...","@timestamp":"2026-05-22T14:12:59.402Z","@fields":{"level":"info"}}
{"@message":"\u001b[39m\u001b[32mCommunicating with Spreadsheet...\n","@timestamp":"2026-05-22T14:13:00.403Z","@fields":{"level":"info"}}
{"@message":"DB Connected on port: 27017...","@timestamp":"2026-05-22T14:13:00.414Z","@fields":{"level":"info"}}
{"@message":"DB Connected on port: 27017...","@timestamp":"2026-05-22T14:13:01.407Z","@fields":{"level":"info"}}
{"@message":"DB Connected on port: 27017...","@timestamp":"2026-05-22T14:13:02.404Z","@fields":{"level":"info"}}
{"@message":"\u001b[39m\u001b[32mUpdated Report information....\n","@timestamp":"2026-05-22T14:13:03.007Z","@fields":{"level":"info"}}
{"@message":"DB Connected on port: 27017...","@timestamp":"2026-05-22T14:13:03.406Z","@fields":{"level":"info"}}
{"@message":"DB Connected on port: 27017...","@timestamp":"2026-05-22T14:13:04.407Z","@fields":{"level":"info"}}
{"@message":"DB Connected on port: 27017...","@timestamp":"2026-05-22T14:13:05.411Z","@fields":{"level":"info"}}
{"@message":"DB Connected on port: 27017...","@timestamp":"2026-05-22T14:13:06.410Z","@fields":{"level":"info"}}
{"@message":"DB Connected on port: 27017...","@timestamp":"2026-05-22T14:13:07.414Z","@fields":{"level":"info"}}
{"@message":"DB Connected on port: 27017...","@timestamp":"2026-05-22T14:13:08.421Z","@fields":{"level":"info"}}
{"@message":"DB Connected on port: 27017...","@timestamp":"2026-05-22T14:13:09.418Z","@fields":{"level":"info"}}
{"@message":"DB Connected on port: 27017...","@timestamp":"2026-05-22T14:13:10.417Z","@fields":{"level":"info"}}
{"@message":"DB Connected on port: 27017...","@timestamp":"2026-05-22T14:13:11.417Z","@fields":{"level":"info"}}
{"@message":"DB Connected on port: 27017...","@timestamp":"2026-05-22T14:13:12.417Z","@fields":{"level":"info"}}
{"@message":"DB Connected on port: 27017...","@timestamp":"2026-05-22T14:13:13.418Z","@fields":{"level":"info"}}
{"@message":"DB Connected on port: 27017...","@timestamp":"2026-05-22T14:13:14.419Z","@fields":{"level":"info"}}
{"@message":"DB Connected on port: 27017...","@timestamp":"2026-05-22T14:13:15.419Z","@fields":{"level":"info"}}
{"@message":"DB Connected on port: 27017...","@timestamp":"2026-05-22T14:13:16.421Z","@fields":{"level":"info"}}
{"@message":"DB Connected on port: 27017...","@timestamp":"2026-05-22T14:13:17.422Z","@fields":{"level":"info"}}
{"@message":"DB Connected on port: 27017...","@timestamp":"2026-05-22T14:13:18.422Z","@fields":{"level":"info"}}
{"@message":"DB Connected on port: 27017...","@timestamp":"2026-05-22T14:13:19.425Z","@fields":{"level":"info"}}
{"@message":"DB Connected on port: 27017...","@timestamp":"2026-05-22T14:13:20.425Z","@fields":{"level":"info"}}
{"@message":"DB Connected on port: 27017...","@timestamp":"2026-05-22T14:13:21.426Z","@fields":{"level":"info"}}
{"@message":"DB Connected on port: 27017...","@timestamp":"2026-05-22T14:13:22.436Z","@fields":{"level":"info"}}
{"@message":"DB Connected on port: 27017...","@timestamp":"2026-05-22T14:13:23.428Z","@fields":{"level":"info"}}
{"@message":"DB Connected on port: 27017...","@timestamp":"2026-05-22T14:13:24.428Z","@fields":{"level":"info"}}
{"@message":"DB Connected on port: 27017...","@timestamp":"2026-05-22T14:13:25.432Z","@fields":{"level":"info"}}
{"@message":"DB Connected on port: 27017...","@timestamp":"2026-05-22T14:13:26.518Z","@fields":{"level":"info"}}
{"@message":"DB Connected on port: 27017...","@timestamp":"2026-05-22T14:13:27.434Z","@fields":{"level":"info"}}
{"@message":"DB Connected on port: 27017...","@timestamp":"2026-05-22T14:13:28.447Z","@fields":{"level":"info"}}
{"@message":"DB Connected on port: 27017...","@timestamp":"2026-05-22T14:13:29.442Z","@fields":{"level":"info"}}
{"@message":"DB Connected on port: 27017...","@timestamp":"2026-05-22T14:13:30.442Z","@fields":{"level":"info"}}
{"@message":"DB Connected on port: 27017...","@timestamp":"2026-05-22T14:13:31.451Z","@fields":{"level":"info"}}
{"@message":"DB Connected on port: 27017...","@timestamp":"2026-05-22T14:13:32.444Z","@fields":{"level":"info"}}
{"@message":"DB Connected on port: 27017...","@timestamp":"2026-05-22T14:13:33.444Z","@fields":{"level":"info"}}
{"@message":"DB Connected on port: 27017...","@timestamp":"2026-05-22T14:13:34.445Z","@fields":{"level":"info"}}
{"@message":"DB Connected on port: 27017...","@timestamp":"2026-05-22T14:13:35.446Z","@fields":{"level":"info"}}
{"@message":"DB Connected on port: 27017...","@timestamp":"2026-05-22T14:13:36.445Z","@fields":{"level":"info"}}
{"@message":"DB Connected on port: 27017...","@timestamp":"2026-05-22T14:13:37.458Z","@fields":{"level":"info"}}
{"@message":"DB Connected on port: 27017...","@timestamp":"2026-05-22T14:13:38.451Z","@fields":{"level":"info"}}
{"@message":"DB Connected on port: 27017...","@timestamp":"2026-05-22T14:13:39.452Z","@fields":{"level":"info"}}
{"@message":"DB Connected on port: 27017...","@timestamp":"2026-05-22T14:13:40.451Z","@fields":{"level":"info"}}
{"@message":"DB Connected on port: 27017...","@timestamp":"2026-05-22T14:13:41.454Z","@fields":{"level":"info"}}
{"@message":"DB Connected on port: 27017...","@timestamp":"2026-05-22T14:13:42.455Z","@fields":{"level":"info"}}
{"@message":"DB Connected on port: 27017...","@timestamp":"2026-05-22T14:13:43.457Z","@fields":{"level":"info"}}
{"@message":"DB Connected on port: 27017...","@timestamp":"2026-05-22T14:13:44.455Z","@fields":{"level":"info"}}
{"@message":"DB Connected on port: 27017...","@timestamp":"2026-05-22T14:13:45.454Z","@fields":{"level":"info"}}
{"@message":"DB Connected on port: 27017...","@timestamp":"2026-05-22T14:13:46.457Z","@fields":{"level":"info"}}
{"@message":"DB Connected on port: 27017...","@timestamp":"2026-05-22T14:13:47.459Z","@fields":{"level":"info"}}
{"@message":"DB Connected on port: 27017...","@timestamp":"2026-05-22T14:13:48.468Z","@fields":{"level":"info"}}
{"@message":"DB Connected on port: 27017...","@timestamp":"2026-05-22T14:13:49.462Z","@fields":{"level":"info"}}
{"@message":"DB Connected on port: 27017...","@timestamp":"2026-05-22T14:13:50.461Z","@fields":{"level":"info"}}
{"@message":"DB Connected on port: 27017...","@timestamp":"2026-05-22T14:13:51.464Z","@fields":{"level":"info"}}
{"@message":"DB Connected on port: 27017...","@timestamp":"2026-05-22T14:13:52.464Z","@fields":{"level":"info"}}
{"@message":"DB Connected on port: 27017...","@timestamp":"2026-05-22T14:13:53.465Z","@fields":{"level":"info"}}
{"@message":"DB Connected on port: 27017...","@timestamp":"2026-05-22T14:13:54.465Z","@fields":{"level":"info"}}
{"@message":"DB Connected on port: 27017...","@timestamp":"2026-05-22T14:13:55.467Z","@fields":{"level":"info"}}
{"@message":"DB Connected on port: 27017...","@timestamp":"2026-05-22T14:13:56.466Z","@fields":{"level":"info"}}
{"@message":"DB Connected on port: 27017...","@timestamp":"2026-05-22T14:13:57.472Z","@fields":{"level":"info"}}
{"@message":"DB Connected on port: 27017...","@timestamp":"2026-05-22T14:13:58.485Z","@fields":{"level":"info"}}
{"@message":"DB Connected on port: 27017...","@timestamp":"2026-05-22T14:13:59.472Z","@fields":{"level":"info"}}
{"@message":"\u001b[39m\u001b[32mCommunicating with Spreadsheet...\n","@timestamp":"2026-05-22T14:14:00.479Z","@fields":{"level":"info"}}
{"@message":"DB Connected on port: 27017...","@timestamp":"2026-05-22T14:14:00.489Z","@fields":{"level":"info"}}
{"@message":"DB Connected on port: 27017...","@timestamp":"2026-05-22T14:14:01.473Z","@fields":{"level":"info"}}
{"@message":"DB Connected on port: 27017...","@timestamp":"2026-05-22T14:14:02.474Z","@fields":{"level":"info"}}
{"@message":"\u001b[39m\u001b[32mUpdated Report information....\n","@timestamp":"2026-05-22T14:14:02.855Z","@fields":{"level":"info"}}
{"@message":"DB Connected on port: 27017...","@timestamp":"2026-05-22T14:14:03.475Z","@fields":{"level":"info"}}
{"@message":"DB Connected on port: 27017...","@timestamp":"2026-05-22T14:14:04.477Z","@fields":{"level":"info"}}
{"@message":"DB Connected on port: 27017...","@timestamp":"2026-05-22T14:14:05.479Z","@fields":{"level":"info"}}
{"@message":"DB Connected on port: 27017...","@timestamp":"2026-05-22T14:14:06.481Z","@fields":{"level":"info"}}
{"@message":"DB Connected on port: 27017...","@timestamp":"2026-05-22T14:14:07.481Z","@fields":{"level":"info"}}
{"@message":"DB Connected on port: 27017...","@timestamp":"2026-05-22T14:14:08.481Z","@fields":{"level":"info"}}
{"@message":"DB Connected on port: 27017...","@timestamp":"2026-05-22T14:14:09.481Z","@fields":{"level":"info"}}
{"@message":"DB Connected on port: 27017...","@timestamp":"2026-05-22T14:14:10.482Z","@fields":{"level":"info"}}
{"@message":"DB Connected on port: 27017...","@timestamp":"2026-05-22T14:14:11.484Z","@fields":{"level":"info"}}
{"@message":"DB Connected on port: 27017...","@timestamp":"2026-05-22T14:14:12.484Z","@fields":{"level":"info"}}
{"@message":"DB Connected on port: 27017...","@timestamp":"2026-05-22T14:14:13.494Z","@fields":{"level":"info"}}
{"@message":"DB Connected on port: 27017...","@timestamp":"2026-05-22T14:14:14.489Z","@fields":{"level":"info"}}
{"@message":"DB Connected on port: 27017...","@timestamp":"2026-05-22T14:14:15.488Z","@fields":{"level":"info"}}
{"@message":"DB Connected on port: 27017...","@timestamp":"2026-05-22T14:14:16.489Z","@fields":{"level":"info"}}
{"@message":"DB Connected on port: 27017...","@timestamp":"2026-05-22T14:14:17.490Z","@fields":{"level":"info"}}
{"@message":"DB Connected on port: 27017...","@timestamp":"2026-05-22T14:14:18.492Z","@fields":{"level":"info"}}
{"@message":"DB Connected on port: 27017...","@timestamp":"2026-05-22T14:14:19.492Z","@fields":{"level":"info"}}
{"@message":"DB Connected on port: 27017...","@timestamp":"2026-05-22T14:14:20.493Z","@fields":{"level":"info"}}
{"@message":"DB Connected on port: 27017...","@timestamp":"2026-05-22T14:14:21.494Z","@fields":{"level":"info"}}
{"@message":"DB Connected on port: 27017...","@timestamp":"2026-05-22T14:14:22.495Z","@fields":{"level":"info"}}
{"@message":"DB Connected on port: 27017...","@timestamp":"2026-05-22T14:14:23.496Z","@fields":{"level":"info"}}
{"@message":"DB Connected on port: 27017...","@timestamp":"2026-05-22T14:14:24.498Z","@fields":{"level":"info"}}
{"@message":"DB Connected on port: 27017...","@timestamp":"2026-05-22T14:14:25.499Z","@fields":{"level":"info"}}
{"@message":"DB Connected on port: 27017...","@timestamp":"2026-05-22T14:14:26.500Z","@fields":{"level":"info"}}
{"@message":"DB Connected on port: 27017...","@timestamp":"2026-05-22T14:14:27.500Z","@fields":{"level":"info"}}
{"@message":"DB Connected on port: 27017...","@timestamp":"2026-05-22T14:14:28.501Z","@fields":{"level":"info"}}
{"@message":"DB Connected on port: 27017...","@timestamp":"2026-05-22T14:14:29.502Z","@fields":{"level":"info"}}
{"@message":"DB Connected on port: 27017...","@timestamp":"2026-05-22T14:14:30.502Z","@fields":{"level":"info"}}
{"@message":"DB Connected on port: 27017...","@timestamp":"2026-05-22T14:14:31.503Z","@fields":{"level":"info"}}
{"@message":"DB Connected on port: 27017...","@timestamp":"2026-05-22T14:14:32.506Z","@fields":{"level":"info"}}
{"@message":"DB Connected on port: 27017...","@timestamp":"2026-05-22T14:14:33.505Z","@fields":{"level":"info"}}
{"@message":"DB Connected on port: 27017...","@timestamp":"2026-05-22T14:14:34.506Z","@fields":{"level":"info"}}
{"@message":"DB Connected on port: 27017...","@timestamp":"2026-05-22T14:14:35.511Z","@fields":{"level":"info"}}
{"@message":"DB Connected on port: 27017...","@timestamp":"2026-05-22T14:14:36.511Z","@fields":{"level":"info"}}
{"@message":"DB Connected on port: 27017...","@timestamp":"2026-05-22T14:14:37.514Z","@fields":{"level":"info"}}
{"@message":"DB Connected on port: 27017...","@timestamp":"2026-05-22T14:14:38.513Z","@fields":{"level":"info"}}
{"@message":"DB Connected on port: 27017...","@timestamp":"2026-05-22T14:14:39.515Z","@fields":{"level":"info"}}
{"@message":"DB Connected on port: 27017...","@timestamp":"2026-05-22T14:14:40.518Z","@fields":{"level":"info"}}
{"@message":"DB Connected on port: 27017...","@timestamp":"2026-05-22T14:14:41.530Z","@fields":{"level":"info"}}
{"@message":"DB Connected on port: 27017...","@timestamp":"2026-05-22T14:14:42.520Z","@fields":{"level":"info"}}
{"@message":"DB Connected on port: 27017...","@timestamp":"2026-05-22T14:14:43.529Z","@fields":{"level":"info"}}
{"@message":"DB Connected on port: 27017...","@timestamp":"2026-05-22T14:14:44.522Z","@fields":{"level":"info"}}
{"@message":"DB Connected on port: 27017...","@timestamp":"2026-05-22T14:14:45.524Z","@fields":{"level":"info"}}
{"@message":"DB Connected on port: 27017...","@timestamp":"2026-05-22T14:14:46.526Z","@fields":{"level":"info"}}
{"@message":"DB Connected on port: 27017...","@timestamp":"2026-05-22T14:14:47.527Z","@fields":{"level":"info"}}
{"@message":"DB Connected on port: 27017...","@timestamp":"2026-05-22T14:14:48.532Z","@fields":{"level":"info"}}
{"@message":"DB Connected on port: 27017...","@timestamp":"2026-05-22T14:14:49.553Z","@fields":{"level":"info"}}
{"@message":"DB Connected on port: 27017...","@timestamp":"2026-05-22T14:14:50.531Z","@fields":{"level":"info"}}
{"@message":"DB Connected on port: 27017...","@timestamp":"2026-05-22T14:14:51.532Z","@fields":{"level":"info"}}
{"@message":"DB Connected on port: 27017...","@timestamp":"2026-05-22T14:14:52.536Z","@fields":{"level":"info"}}
{"@message":"DB Connected on port: 27017...","@timestamp":"2026-05-22T14:14:53.534Z","@fields":{"level":"info"}}
{"@message":"DB Connected on port: 27017...","@timestamp":"2026-05-22T14:14:54.534Z","@fields":{"level":"info"}}
{"@message":"DB Connected on port: 27017...","@timestamp":"2026-05-22T14:14:55.537Z","@fields":{"level":"info"}}
{"@message":"DB Connected on port: 27017...","@timestamp":"2026-05-22T14:14:56.538Z","@fields":{"level":"info"}}
{"@message":"DB Connected on port: 27017...","@timestamp":"2026-05-22T14:14:57.537Z","@fields":{"level":"info"}}
{"@message":"DB Connected on port: 27017...","@timestamp":"2026-05-22T14:14:58.540Z","@fields":{"level":"info"}}
{"@message":"DB Connected on port: 27017...","@timestamp":"2026-05-22T14:14:59.540Z","@fields":{"level":"info"}}
{"@message":"\u001b[39m\u001b[32mCommunicating with Spreadsheet...\n","@timestamp":"2026-05-22T14:15:00.541Z","@fields":{"level":"info"}}
{"@message":"DB Connected on port: 27017...","@timestamp":"2026-05-22T14:15:00.552Z","@fields":{"level":"info"}}
{"@message":"DB Connected on port: 27017...","@timestamp":"2026-05-22T14:15:01.546Z","@fields":{"level":"info"}}
{"@message":"DB Connected on port: 27017...","@timestamp":"2026-05-22T14:15:02.542Z","@fields":{"level":"info"}}
{"@message":"\u001b[39m\u001b[32mUpdated Report information....\n","@timestamp":"2026-05-22T14:15:02.631Z","@fields":{"level":"info"}}
{"@message":"DB Connected on port: 27017...","@timestamp":"2026-05-22T14:15:03.546Z","@fields":{"level":"info"}}
{"@message":"DB Connected on port: 27017...","@timestamp":"2026-05-22T14:15:04.544Z","@fields":{"level":"info"}}
{"@message":"DB Connected on port: 27017...","@timestamp":"2026-05-22T14:15:05.547Z","@fields":{"level":"info"}}
{"@message":"DB Connected on port: 27017...","@timestamp":"2026-05-22T14:15:06.547Z","@fields":{"level":"info"}}
{"@message":"DB Connected on port: 27017...","@timestamp":"2026-05-22T14:15:07.548Z","@fields":{"level":"info"}}
{"@message":"DB Connected on port: 27017...","@timestamp":"2026-05-22T14:15:08.548Z","@fields":{"level":"info"}}
{"@message":"DB Connected on port: 27017...","@timestamp":"2026-05-22T14:15:09.550Z","@fields":{"level":"info"}}
{"@message":"DB Connected on port: 27017...","@timestamp":"2026-05-22T14:15:10.553Z","@fields":{"level":"info"}}
{"@message":"DB Connected on port: 27017...","@timestamp":"2026-05-22T14:15:11.563Z","@fields":{"level":"info"}}
{"@message":"DB Connected on port: 27017...","@timestamp":"2026-05-22T14:15:12.556Z","@fields":{"level":"info"}}
{"@message":"DB Connected on port: 27017...","@timestamp":"2026-05-22T14:15:13.557Z","@fields":{"level":"info"}}
{"@message":"DB Connected on port: 27017...","@timestamp":"2026-05-22T14:15:14.560Z","@fields":{"level":"info"}}
{"@message":"DB Connected on port: 27017...","@timestamp":"2026-05-22T14:15:15.562Z","@fields":{"level":"info"}}
{"@message":"DB Connected on port: 27017...","@timestamp":"2026-05-22T14:15:16.561Z","@fields":{"level":"info"}}
{"@message":"DB Connected on port: 27017...","@timestamp":"2026-05-22T14:15:17.563Z","@fields":{"level":"info"}}
{"@message":"DB Connected on port: 27017...","@timestamp":"2026-05-22T14:15:18.566Z","@fields":{"level":"info"}}
{"@message":"DB Connected on port: 27017...","@timestamp":"2026-05-22T14:15:19.567Z","@fields":{"level":"info"}}
{"@message":"DB Connected on port: 27017...","@timestamp":"2026-05-22T14:15:20.568Z","@fields":{"level":"info"}}
{"@message":"DB Connected on port: 27017...","@timestamp":"2026-05-22T14:15:21.571Z","@fields":{"level":"info"}}
{"@message":"DB Connected on port: 27017...","@timestamp":"2026-05-22T14:15:22.571Z","@fields":{"level":"info"}}
{"@message":"DB Connected on port: 27017...","@timestamp":"2026-05-22T14:15:23.571Z","@fields":{"level":"info"}}
{"@message":"DB Connected on port: 27017...","@timestamp":"2026-05-22T14:15:24.571Z","@fields":{"level":"info"}}
{"@message":"DB Connected on port: 27017...","@timestamp":"2026-05-22T14:15:25.602Z","@fields":{"level":"info"}}
{"@message":"DB Connected on port: 27017...","@timestamp":"2026-05-22T14:15:26.583Z","@fields":{"level":"info"}}
{"@message":"DB Connected on port: 27017...","@timestamp":"2026-05-22T14:15:27.581Z","@fields":{"level":"info"}}
{"@message":"DB Connected on port: 27017...","@timestamp":"2026-05-22T14:15:28.578Z","@fields":{"level":"info"}}
{"@message":"DB Connected on port: 27017...","@timestamp":"2026-05-22T14:15:29.578Z","@fields":{"level":"info"}}
{"@message":"DB Connected on port: 27017...","@timestamp":"2026-05-22T14:15:30.579Z","@fields":{"level":"info"}}
{"@message":"DB Connected on port: 27017...","@timestamp":"2026-05-22T14:15:31.582Z","@fields":{"level":"info"}}
{"@message":"DB Connected on port: 27017...","@timestamp":"2026-05-22T14:15:32.581Z","@fields":{"level":"info"}}
{"@message":"DB Connected on port: 27017...","@timestamp":"2026-05-22T14:15:33.582Z","@fields":{"level":"info"}}
{"@message":"DB Connected on port: 27017...","@timestamp":"2026-05-22T14:15:34.583Z","@fields":{"level":"info"}}
{"@message":"DB Connected on port: 27017...","@timestamp":"2026-05-22T14:15:35.585Z","@fields":{"level":"info"}}
{"@message":"DB Connected on port: 27017...","@timestamp":"2026-05-22T14:15:36.588Z","@fields":{"level":"info"}}
{"@message":"DB Connected on port: 27017...","@timestamp":"2026-05-22T14:15:37.588Z","@fields":{"level":"info"}}
{"@message":"DB Connected on port: 27017...","@timestamp":"2026-05-22T14:15:38.588Z","@fields":{"level":"info"}}
{"@message":"DB Connected on port: 27017...","@timestamp":"2026-05-22T14:15:39.591Z","@fields":{"level":"info"}}
{"@message":"DB Connected on port: 27017...","@timestamp":"2026-05-22T14:15:40.591Z","@fields":{"level":"info"}}
{"@message":"DB Connected on port: 27017...","@timestamp":"2026-05-22T14:15:41.592Z","@fields":{"level":"info"}}
{"@message":"DB Connected on port: 27017...","@timestamp":"2026-05-22T14:15:42.593Z","@fields":{"level":"info"}}
{"@message":"DB Connected on port: 27017...","@timestamp":"2026-05-22T14:15:43.607Z","@fields":{"level":"info"}}
{"@message":"DB Connected on port: 27017...","@timestamp":"2026-05-22T14:15:44.599Z","@fields":{"level":"info"}}
{"@message":"DB Connected on port: 27017...","@timestamp":"2026-05-22T14:15:45.603Z","@fields":{"level":"info"}}
{"@message":"DB Connected on port: 27017...","@timestamp":"2026-05-22T14:15:46.599Z","@fields":{"level":"info"}}
{"@message":"DB Connected on port: 27017...","@timestamp":"2026-05-22T14:15:47.600Z","@fields":{"level":"info"}}
{"@message":"DB Connected on port: 27017...","@timestamp":"2026-05-22T14:15:48.601Z","@fields":{"level":"info"}}
{"@message":"DB Connected on port: 27017...","@timestamp":"2026-05-22T14:15:49.602Z","@fields":{"level":"info"}}
{"@message":"DB Connected on port: 27017...","@timestamp":"2026-05-22T14:15:50.614Z","@fields":{"level":"info"}}
{"@message":"DB Connected on port: 27017...","@timestamp":"2026-05-22T14:15:51.616Z","@fields":{"level":"info"}}
{"@message":"DB Connected on port: 27017...","@timestamp":"2026-05-22T14:15:52.617Z","@fields":{"level":"info"}}
{"@message":"DB Connected on port: 27017...","@timestamp":"2026-05-22T14:15:53.618Z","@fields":{"level":"info"}}
{"@message":"DB Connected on port: 27017...","@timestamp":"2026-05-22T14:15:54.617Z","@fields":{"level":"info"}}
{"@message":"DB Connected on port: 27017...","@timestamp":"2026-05-22T14:15:55.617Z","@fields":{"level":"info"}}
{"@message":"DB Connected on port: 27017...","@timestamp":"2026-05-22T14:15:56.643Z","@fields":{"level":"info"}}
{"@message":"DB Connected on port: 27017...","@timestamp":"2026-05-22T14:15:57.622Z","@fields":{"level":"info"}}
{"@message":"DB Connected on port: 27017...","@timestamp":"2026-05-22T14:15:58.624Z","@fields":{"level":"info"}}
{"@message":"DB Connected on port: 27017...","@timestamp":"2026-05-22T14:15:59.623Z","@fields":{"level":"info"}}
{"@message":"\u001b[39m\u001b[32mCommunicating with Spreadsheet...\n","@timestamp":"2026-05-22T14:16:00.625Z","@fields":{"level":"info"}}
{"@message":"DB Connected on port: 27017...","@timestamp":"2026-05-22T14:16:00.635Z","@fields":{"level":"info"}}
{"@message":"DB Connected on port: 27017...","@timestamp":"2026-05-22T14:16:01.629Z","@fields":{"level":"info"}}
{"@message":"DB Connected on port: 27017...","@timestamp":"2026-05-22T14:16:02.627Z","@fields":{"level":"info"}}
{"@message":"\u001b[39m\u001b[32mUpdated Report information....\n","@timestamp":"2026-05-22T14:16:03.223Z","@fields":{"level":"info"}}
{"@message":"DB Connected on port: 27017...","@timestamp":"2026-05-22T14:16:03.630Z","@fields":{"level":"info"}}
{"@message":"DB Connected on port: 27017...","@timestamp":"2026-05-22T14:16:04.635Z","@fields":{"level":"info"}}
{"@message":"DB Connected on port: 27017...","@timestamp":"2026-05-22T14:16:05.632Z","@fields":{"level":"info"}}
{"@message":"DB Connected on port: 27017...","@timestamp":"2026-05-22T14:16:06.635Z","@fields":{"level":"info"}}
{"@message":"DB Connected on port: 27017...","@timestamp":"2026-05-22T14:16:07.635Z","@fields":{"level":"info"}}
{"@message":"DB Connected on port: 27017...","@timestamp":"2026-05-22T14:16:08.637Z","@fields":{"level":"info"}}
{"@message":"DB Connected on port: 27017...","@timestamp":"2026-05-22T14:16:09.641Z","@fields":{"level":"info"}}
{"@message":"DB Connected on port: 27017...","@timestamp":"2026-05-22T14:16:10.639Z","@fields":{"level":"info"}}
{"@message":"DB Connected on port: 27017...","@timestamp":"2026-05-22T14:16:11.640Z","@fields":{"level":"info"}}
{"@message":"DB Connected on port: 27017...","@timestamp":"2026-05-22T14:16:12.645Z","@fields":{"level":"info"}}
{"@message":"DB Connected on port: 27017...","@timestamp":"2026-05-22T14:16:13.651Z","@fields":{"level":"info"}}
{"@message":"DB Connected on port: 27017...","@timestamp":"2026-05-22T14:16:14.643Z","@fields":{"level":"info"}}
{"@message":"DB Connected on port: 27017...","@timestamp":"2026-05-22T14:16:15.648Z","@fields":{"level":"info"}}
{"@message":"DB Connected on port: 27017...","@timestamp":"2026-05-22T14:16:16.652Z","@fields":{"level":"info"}}
{"@message":"DB Connected on port: 27017...","@timestamp":"2026-05-22T14:16:17.650Z","@fields":{"level":"info"}}
{"@message":"DB Connected on port: 27017...","@timestamp":"2026-05-22T14:16:18.651Z","@fields":{"level":"info"}}
{"@message":"DB Connected on port: 27017...","@timestamp":"2026-05-22T14:16:19.650Z","@fields":{"level":"info"}}
{"@message":"DB Connected on port: 27017...","@timestamp":"2026-05-22T14:16:20.650Z","@fields":{"level":"info"}}
{"@message":"DB Connected on port: 27017...","@timestamp":"2026-05-22T14:16:21.651Z","@fields":{"level":"info"}}
{"@message":"DB Connected on port: 27017...","@timestamp":"2026-05-22T14:16:22.652Z","@fields":{"level":"info"}}
{"@message":"DB Connected on port: 27017...","@timestamp":"2026-05-22T14:16:23.652Z","@fields":{"level":"info"}}
{"@message":"DB Connected on port: 27017...","@timestamp":"2026-05-22T14:16:24.654Z","@fields":{"level":"info"}}
{"@message":"DB Connected on port: 27017...","@timestamp":"2026-05-22T14:16:25.659Z","@fields":{"level":"info"}}
{"@message":"DB Connected on port: 27017...","@timestamp":"2026-05-22T14:16:26.659Z","@fields":{"level":"info"}}
{"@message":"DB Connected on port: 27017...","@timestamp":"2026-05-22T14:16:27.664Z","@fields":{"level":"info"}}
{"@message":"DB Connected on port: 27017...","@timestamp":"2026-05-22T14:16:28.663Z","@fields":{"level":"info"}}
{"@message":"DB Connected on port: 27017...","@timestamp":"2026-05-22T14:16:29.662Z","@fields":{"level":"info"}}
{"@message":"DB Connected on port: 27017...","@timestamp":"2026-05-22T14:16:30.664Z","@fields":{"level":"info"}}
{"@message":"DB Connected on port: 27017...","@timestamp":"2026-05-22T14:16:31.664Z","@fields":{"level":"info"}}
{"@message":"DB Connected on port: 27017...","@timestamp":"2026-05-22T14:16:32.665Z","@fields":{"level":"info"}}
{"@message":"DB Connected on port: 27017...","@timestamp":"2026-05-22T14:16:33.665Z","@fields":{"level":"info"}}
{"@message":"DB Connected on port: 27017...","@timestamp":"2026-05-22T14:16:34.675Z","@fields":{"level":"info"}}
{"@message":"DB Connected on port: 27017...","@timestamp":"2026-05-22T14:16:35.673Z","@fields":{"level":"info"}}
{"@message":"DB Connected on port: 27017...","@timestamp":"2026-05-22T14:16:36.678Z","@fields":{"level":"info"}}
{"@message":"DB Connected on port: 27017...","@timestamp":"2026-05-22T14:16:37.702Z","@fields":{"level":"info"}}
{"@message":"DB Connected on port: 27017...","@timestamp":"2026-05-22T14:16:38.703Z","@fields":{"level":"info"}}
{"@message":"DB Connected on port: 27017...","@timestamp":"2026-05-22T14:16:39.704Z","@fields":{"level":"info"}}
{"@message":"DB Connected on port: 27017...","@timestamp":"2026-05-22T14:16:40.706Z","@fields":{"level":"info"}}
{"@message":"DB Connected on port: 27017...","@timestamp":"2026-05-22T14:16:41.706Z","@fields":{"level":"info"}}
{"@message":"DB Connected on port: 27017...","@timestamp":"2026-05-22T14:16:42.709Z","@fields":{"level":"info"}}
{"@message":"DB Connected on port: 27017...","@timestamp":"2026-05-22T14:16:43.710Z","@fields":{"level":"info"}}
{"@message":"DB Connected on port: 27017...","@timestamp":"2026-05-22T14:16:44.709Z","@fields":{"level":"info"}}
{"@message":"DB Connected on port: 27017...","@timestamp":"2026-05-22T14:16:45.711Z","@fields":{"level":"info"}}
{"@message":"DB Connected on port: 27017...","@timestamp":"2026-05-22T14:16:46.710Z","@fields":{"level":"info"}}
{"@message":"DB Connected on port: 27017...","@timestamp":"2026-05-22T14:16:47.712Z","@fields":{"level":"info"}}
{"@message":"DB Connected on port: 27017...","@timestamp":"2026-05-22T14:16:48.713Z","@fields":{"level":"info"}}
{"@message":"DB Connected on port: 27017...","@timestamp":"2026-05-22T14:16:49.737Z","@fields":{"level":"info"}}
{"@message":"DB Connected on port: 27017...","@timestamp":"2026-05-22T14:16:50.721Z","@fields":{"level":"info"}}
{"@message":"DB Connected on port: 27017...","@timestamp":"2026-05-22T14:16:51.722Z","@fields":{"level":"info"}}
{"@message":"DB Connected on port: 27017...","@timestamp":"2026-05-22T14:16:52.719Z","@fields":{"level":"info"}}
{"@message":"DB Connected on port: 27017...","@timestamp":"2026-05-22T14:16:53.722Z","@fields":{"level":"info"}}
{"@message":"DB Connected on port: 27017...","@timestamp":"2026-05-22T14:16:54.722Z","@fields":{"level":"info"}}
{"@message":"DB Connected on port: 27017...","@timestamp":"2026-05-22T14:16:55.723Z","@fields":{"level":"info"}}
{"@message":"DB Connected on port: 27017...","@timestamp":"2026-05-22T14:16:56.724Z","@fields":{"level":"info"}}
{"@message":"DB Connected on port: 27017...","@timestamp":"2026-05-22T14:16:57.725Z","@fields":{"level":"info"}}
{"@message":"DB Connected on port: 27017...","@timestamp":"2026-05-22T14:16:58.729Z","@fields":{"level":"info"}}
{"@message":"DB Connected on port: 27017...","@timestamp":"2026-05-22T14:16:59.729Z","@fields":{"level":"info"}}
{"@message":"\u001b[39m\u001b[32mCommunicating with Spreadsheet...\n","@timestamp":"2026-05-22T14:17:00.738Z","@fields":{"level":"info"}}
{"@message":"DB Connected on port: 27017...","@timestamp":"2026-05-22T14:17:00.752Z","@fields":{"level":"info"}}
{"@message":"DB Connected on port: 27017...","@timestamp":"2026-05-22T14:17:01.731Z","@fields":{"level":"info"}}
{"@message":"DB Connected on port: 27017...","@timestamp":"2026-05-22T14:17:02.735Z","@fields":{"level":"info"}}
{"@message":"\u001b[39m\u001b[32mUpdated Report information....\n","@timestamp":"2026-05-22T14:17:02.763Z","@fields":{"level":"info"}}
{"@message":"DB Connected on port: 27017...","@timestamp":"2026-05-22T14:17:03.738Z","@fields":{"level":"info"}}
{"@message":"DB Connected on port: 27017...","@timestamp":"2026-05-22T14:17:04.738Z","@fields":{"level":"info"}}
{"@message":"DB Connected on port: 27017...","@timestamp":"2026-05-22T14:17:05.739Z","@fields":{"level":"info"}}
{"@message":"DB Connected on port: 27017...","@timestamp":"2026-05-22T14:17:06.740Z","@fields":{"level":"info"}}
{"@message":"DB Connected on port: 27017...","@timestamp":"2026-05-22T14:17:07.741Z","@fields":{"level":"info"}}
{"@message":"DB Connected on port: 27017...","@timestamp":"2026-05-22T14:17:08.742Z","@fields":{"level":"info"}}
{"@message":"DB Connected on port: 27017...","@timestamp":"2026-05-22T14:17:09.747Z","@fields":{"level":"info"}}
{"@message":"DB Connected on port: 27017...","@timestamp":"2026-05-22T14:17:10.745Z","@fields":{"level":"info"}}
{"@message":"DB Connected on port: 27017...","@timestamp":"2026-05-22T14:17:11.746Z","@fields":{"level":"info"}}
{"@message":"DB Connected on port: 27017...","@timestamp":"2026-05-22T14:17:12.746Z","@fields":{"level":"info"}}
{"@message":"DB Connected on port: 27017...","@timestamp":"2026-05-22T14:17:13.746Z","@fields":{"level":"info"}}
{"@message":"DB Connected on port: 27017...","@timestamp":"2026-05-22T14:17:14.747Z","@fields":{"level":"info"}}
{"@message":"DB Connected on port: 27017...","@timestamp":"2026-05-22T14:17:15.748Z","@fields":{"level":"info"}}
{"@message":"DB Connected on port: 27017...","@timestamp":"2026-05-22T14:17:16.749Z","@fields":{"level":"info"}}
{"@message":"DB Connected on port: 27017...","@timestamp":"2026-05-22T14:17:17.750Z","@fields":{"level":"info"}}
{"@message":"DB Connected on port: 27017...","@timestamp":"2026-05-22T14:17:18.755Z","@fields":{"level":"info"}}
{"@message":"DB Connected on port: 27017...","@timestamp":"2026-05-22T14:17:19.758Z","@fields":{"level":"info"}}
{"@message":"DB Connected on port: 27017...","@timestamp":"2026-05-22T14:17:20.756Z","@fields":{"level":"info"}}
{"@message":"DB Connected on port: 27017...","@timestamp":"2026-05-22T14:17:21.758Z","@fields":{"level":"info"}}
{"@message":"DB Connected on port: 27017...","@timestamp":"2026-05-22T14:17:22.758Z","@fields":{"level":"info"}}
{"@message":"DB Connected on port: 27017...","@timestamp":"2026-05-22T14:17:23.758Z","@fields":{"level":"info"}}
{"@message":"DB Connected on port: 27017...","@timestamp":"2026-05-22T14:17:24.759Z","@fields":{"level":"info"}}
{"@message":"DB Connected on port: 27017...","@timestamp":"2026-05-22T14:17:25.765Z","@fields":{"level":"info"}}
{"@message":"DB Connected on port: 27017...","@timestamp":"2026-05-22T14:17:26.777Z","@fields":{"level":"info"}}
{"@message":"DB Connected on port: 27017...","@timestamp":"2026-05-22T14:17:27.770Z","@fields":{"level":"info"}}
{"@message":"DB Connected on port: 27017...","@timestamp":"2026-05-22T14:17:28.768Z","@fields":{"level":"info"}}
{"@message":"DB Connected on port: 27017...","@timestamp":"2026-05-22T14:17:29.768Z","@fields":{"level":"info"}}
{"@message":"DB Connected on port: 27017...","@timestamp":"2026-05-22T14:17:30.769Z","@fields":{"level":"info"}}
{"@message":"DB Connected on port: 27017...","@timestamp":"2026-05-22T14:17:31.771Z","@fields":{"level":"info"}}
{"@message":"DB Connected on port: 27017...","@timestamp":"2026-05-22T14:17:32.772Z","@fields":{"level":"info"}}
{"@message":"DB Connected on port: 27017...","@timestamp":"2026-05-22T14:17:33.778Z","@fields":{"level":"info"}}
{"@message":"DB Connected on port: 27017...","@timestamp":"2026-05-22T14:17:34.778Z","@fields":{"level":"info"}}
{"@message":"DB Connected on port: 27017...","@timestamp":"2026-05-22T14:17:35.779Z","@fields":{"level":"info"}}
{"@message":"DB Connected on port: 27017...","@timestamp":"2026-05-22T14:17:36.780Z","@fields":{"level":"info"}}
{"@message":"DB Connected on port: 27017...","@timestamp":"2026-05-22T14:17:37.781Z","@fields":{"level":"info"}}
{"@message":"DB Connected on port: 27017...","@timestamp":"2026-05-22T14:17:38.782Z","@fields":{"level":"info"}}
{"@message":"DB Connected on port: 27017...","@timestamp":"2026-05-22T14:17:39.785Z","@fields":{"level":"info"}}
{"@message":"DB Connected on port: 27017...","@timestamp":"2026-05-22T14:17:40.784Z","@fields":{"level":"info"}}
{"@message":"DB Connected on port: 27017...","@timestamp":"2026-05-22T14:17:41.785Z","@fields":{"level":"info"}}
{"@message":"DB Connected on port: 27017...","@timestamp":"2026-05-22T14:17:42.785Z","@fields":{"level":"info"}}
{"@message":"DB Connected on port: 27017...","@timestamp":"2026-05-22T14:17:43.788Z","@fields":{"level":"info"}}
{"@message":"DB Connected on port: 27017...","@timestamp":"2026-05-22T14:17:44.788Z","@fields":{"level":"info"}}
{"@message":"DB Connected on port: 27017...","@timestamp":"2026-05-22T14:17:45.797Z","@fields":{"level":"info"}}
{"@message":"DB Connected on port: 27017...","@timestamp":"2026-05-22T14:17:46.789Z","@fields":{"level":"info"}}
{"@message":"DB Connected on port: 27017...","@timestamp":"2026-05-22T14:17:47.793Z","@fields":{"level":"info"}}
{"@message":"DB Connected on port: 27017...","@timestamp":"2026-05-22T14:17:48.792Z","@fields":{"level":"info"}}
{"@message":"DB Connected on port: 27017...","@timestamp":"2026-05-22T14:17:49.794Z","@fields":{"level":"info"}}
{"@message":"DB Connected on port: 27017...","@timestamp":"2026-05-22T14:17:50.793Z","@fields":{"level":"info"}}
{"@message":"DB Connected on port: 27017...","@timestamp":"2026-05-22T14:17:51.794Z","@fields":{"level":"info"}}
{"@message":"DB Connected on port: 27017...","@timestamp":"2026-05-22T14:17:52.795Z","@fields":{"level":"info"}}
{"@message":"DB Connected on port: 27017...","@timestamp":"2026-05-22T14:17:53.796Z","@fields":{"level":"info"}}
{"@message":"DB Connected on port: 27017...","@timestamp":"2026-05-22T14:17:54.798Z","@fields":{"level":"info"}}
{"@message":"DB Connected on port: 27017...","@timestamp":"2026-05-22T14:17:55.800Z","@fields":{"level":"info"}}
{"@message":"DB Connected on port: 27017...","@timestamp":"2026-05-22T14:17:56.799Z","@fields":{"level":"info"}}
{"@message":"DB Connected on port: 27017...","@timestamp":"2026-05-22T14:17:57.802Z","@fields":{"level":"info"}}
{"@message":"DB Connected on port: 27017...","@timestamp":"2026-05-22T14:17:58.801Z","@fields":{"level":"info"}}
{"@message":"DB Connected on port: 27017...","@timestamp":"2026-05-22T14:17:59.802Z","@fields":{"level":"info"}}
{"@message":"\u001b[39m\u001b[32mCommunicating with Spreadsheet...\n","@timestamp":"2026-05-22T14:18:00.803Z","@fields":{"level":"info"}}
{"@message":"DB Connected on port: 27017...","@timestamp":"2026-05-22T14:18:00.808Z","@fields":{"level":"info"}}
{"@message":"DB Connected on port: 27017...","@timestamp":"2026-05-22T14:18:01.803Z","@fields":{"level":"info"}}
{"@message":"DB Connected on port: 27017...","@timestamp":"2026-05-22T14:18:02.805Z","@fields":{"level":"info"}}
{"@message":"\u001b[39m\u001b[32mUpdated Report information....\n","@timestamp":"2026-05-22T14:18:03.481Z","@fields":{"level":"info"}}
{"@message":"DB Connected on port: 27017...","@timestamp":"2026-05-22T14:18:03.804Z","@fields":{"level":"info"}}
{"@message":"DB Connected on port: 27017...","@timestamp":"2026-05-22T14:18:04.805Z","@fields":{"level":"info"}}
{"@message":"DB Connected on port: 27017...","@timestamp":"2026-05-22T14:18:05.805Z","@fields":{"level":"info"}}
{"@message":"DB Connected on port: 27017...","@timestamp":"2026-05-22T14:18:06.804Z","@fields":{"level":"info"}}
{"@message":"DB Connected on port: 27017...","@timestamp":"2026-05-22T14:18:07.805Z","@fields":{"level":"info"}}
{"@message":"DB Connected on port: 27017...","@timestamp":"2026-05-22T14:18:08.807Z","@fields":{"level":"info"}}
{"@message":"DB Connected on port: 27017...","@timestamp":"2026-05-22T14:18:09.808Z","@fields":{"level":"info"}}
{"@message":"DB Connected on port: 27017...","@timestamp":"2026-05-22T14:18:10.811Z","@fields":{"level":"info"}}
{"@message":"DB Connected on port: 27017...","@timestamp":"2026-05-22T14:18:11.812Z","@fields":{"level":"info"}}
{"@message":"DB Connected on port: 27017...","@timestamp":"2026-05-22T14:18:12.819Z","@fields":{"level":"info"}}
{"@message":"DB Connected on port: 27017...","@timestamp":"2026-05-22T14:18:13.813Z","@fields":{"level":"info"}}
{"@message":"DB Connected on port: 27017...","@timestamp":"2026-05-22T14:18:14.814Z","@fields":{"level":"info"}}
{"@message":"DB Connected on port: 27017...","@timestamp":"2026-05-22T14:18:15.815Z","@fields":{"level":"info"}}
{"@message":"DB Connected on port: 27017...","@timestamp":"2026-05-22T14:18:16.817Z","@fields":{"level":"info"}}
{"@message":"DB Connected on port: 27017...","@timestamp":"2026-05-22T14:18:17.819Z","@fields":{"level":"info"}}
{"@message":"DB Connected on port: 27017...","@timestamp":"2026-05-22T14:18:18.822Z","@fields":{"level":"info"}}
{"@message":"DB Connected on port: 27017...","@timestamp":"2026-05-22T14:18:19.821Z","@fields":{"level":"info"}}
{"@message":"DB Connected on port: 27017...","@timestamp":"2026-05-22T14:18:20.821Z","@fields":{"level":"info"}}
{"@message":"DB Connected on port: 27017...","@timestamp":"2026-05-22T14:18:21.822Z","@fields":{"level":"info"}}
{"@message":"DB Connected on port: 27017...","@timestamp":"2026-05-22T14:18:22.824Z","@fields":{"level":"info"}}
{"@message":"DB Connected on port: 27017...","@timestamp":"2026-05-22T14:18:23.825Z","@fields":{"level":"info"}}
{"@message":"DB Connected on port: 27017...","@timestamp":"2026-05-22T14:18:24.828Z","@fields":{"level":"info"}}
{"@message":"DB Connected on port: 27017...","@timestamp":"2026-05-22T14:18:25.831Z","@fields":{"level":"info"}}
{"@message":"DB Connected on port: 27017...","@timestamp":"2026-05-22T14:18:26.827Z","@fields":{"level":"info"}}
{"@message":"DB Connected on port: 27017...","@timestamp":"2026-05-22T14:18:27.831Z","@fields":{"level":"info"}}
{"@message":"DB Connected on port: 27017...","@timestamp":"2026-05-22T14:18:28.831Z","@fields":{"level":"info"}}
{"@message":"DB Connected on port: 27017...","@timestamp":"2026-05-22T14:18:29.832Z","@fields":{"level":"info"}}
{"@message":"DB Connected on port: 27017...","@timestamp":"2026-05-22T14:18:30.832Z","@fields":{"level":"info"}}
{"@message":"DB Connected on port: 27017...","@timestamp":"2026-05-22T14:18:31.833Z","@fields":{"level":"info"}}
{"@message":"DB Connected on port: 27017...","@timestamp":"2026-05-22T14:18:32.834Z","@fields":{"level":"info"}}
{"@message":"DB Connected on port: 27017...","@timestamp":"2026-05-22T14:18:33.834Z","@fields":{"level":"info"}}
{"@message":"DB Connected on port: 27017...","@timestamp":"2026-05-22T14:18:34.834Z","@fields":{"level":"info"}}
{"@message":"DB Connected on port: 27017...","@timestamp":"2026-05-22T14:18:35.843Z","@fields":{"level":"info"}}
{"@message":"DB Connected on port: 27017...","@timestamp":"2026-05-22T14:18:36.840Z","@fields":{"level":"info"}}
{"@message":"DB Connected on port: 27017...","@timestamp":"2026-05-22T14:18:37.843Z","@fields":{"level":"info"}}
{"@message":"DB Connected on port: 27017...","@timestamp":"2026-05-22T14:18:38.842Z","@fields":{"level":"info"}}
{"@message":"DB Connected on port: 27017...","@timestamp":"2026-05-22T14:18:39.844Z","@fields":{"level":"info"}}
{"@message":"DB Connected on port: 27017...","@timestamp":"2026-05-22T14:18:40.845Z","@fields":{"level":"info"}}
{"@message":"DB Connected on port: 27017...","@timestamp":"2026-05-22T14:18:41.861Z","@fields":{"level":"info"}}
{"@message":"DB Connected on port: 27017...","@timestamp":"2026-05-22T14:18:42.851Z","@fields":{"level":"info"}}
{"@message":"DB Connected on port: 27017...","@timestamp":"2026-05-22T14:18:43.869Z","@fields":{"level":"info"}}
{"@message":"DB Connected on port: 27017...","@timestamp":"2026-05-22T14:18:44.863Z","@fields":{"level":"info"}}
{"@message":"DB Connected on port: 27017...","@timestamp":"2026-05-22T14:18:45.865Z","@fields":{"level":"info"}}
{"@message":"DB Connected on port: 27017...","@timestamp":"2026-05-22T14:18:46.866Z","@fields":{"level":"info"}}
{"@message":"DB Connected on port: 27017...","@timestamp":"2026-05-22T14:18:47.868Z","@fields":{"level":"info"}}
{"@message":"DB Connected on port: 27017...","@timestamp":"2026-05-22T14:18:48.868Z","@fields":{"level":"info"}}
{"@message":"DB Connected on port: 27017...","@timestamp":"2026-05-22T14:18:49.868Z","@fields":{"level":"info"}}
{"@message":"DB Connected on port: 27017...","@timestamp":"2026-05-22T14:18:50.868Z","@fields":{"level":"info"}}
{"@message":"DB Connected on port: 27017...","@timestamp":"2026-05-22T14:18:51.870Z","@fields":{"level":"info"}}
{"@message":"DB Connected on port: 27017...","@timestamp":"2026-05-22T14:18:52.871Z","@fields":{"level":"info"}}
{"@message":"DB Connected on port: 27017...","@timestamp":"2026-05-22T14:18:53.878Z","@fields":{"level":"info"}}
{"@message":"DB Connected on port: 27017...","@timestamp":"2026-05-22T14:18:54.873Z","@fields":{"level":"info"}}
{"@message":"DB Connected on port: 27017...","@timestamp":"2026-05-22T14:18:55.874Z","@fields":{"level":"info"}}
{"@message":"DB Connected on port: 27017...","@timestamp":"2026-05-22T14:18:56.878Z","@fields":{"level":"info"}}
{"@message":"DB Connected on port: 27017...","@timestamp":"2026-05-22T14:18:57.878Z","@fields":{"level":"info"}}
{"@message":"DB Connected on port: 27017...","@timestamp":"2026-05-22T14:18:58.879Z","@fields":{"level":"info"}}
{"@message":"DB Connected on port: 27017...","@timestamp":"2026-05-22T14:18:59.879Z","@fields":{"level":"info"}}
{"@message":"\u001b[39m\u001b[32mCommunicating with Spreadsheet...\n","@timestamp":"2026-05-22T14:19:00.884Z","@fields":{"level":"info"}}
{"@message":"DB Connected on port: 27017...","@timestamp":"2026-05-22T14:19:00.893Z","@fields":{"level":"info"}}
{"@message":"DB Connected on port: 27017...","@timestamp":"2026-05-22T14:19:01.882Z","@fields":{"level":"info"}}
{"@message":"DB Connected on port: 27017...","@timestamp":"2026-05-22T14:19:02.883Z","@fields":{"level":"info"}}
{"@message":"DB Connected on port: 27017...","@timestamp":"2026-05-22T14:19:03.885Z","@fields":{"level":"info"}}
{"@message":"\u001b[39m\u001b[32mUpdated Report information....\n","@timestamp":"2026-05-22T14:19:04.116Z","@fields":{"level":"info"}}
{"@message":"DB Connected on port: 27017...","@timestamp":"2026-05-22T14:19:04.884Z","@fields":{"level":"info"}}
{"@message":"DB Connected on port: 27017...","@timestamp":"2026-05-22T14:19:05.888Z","@fields":{"level":"info"}}
{"@message":"DB Connected on port: 27017...","@timestamp":"2026-05-22T14:19:06.887Z","@fields":{"level":"info"}}
{"@message":"DB Connected on port: 27017...","@timestamp":"2026-05-22T14:19:07.887Z","@fields":{"level":"info"}}
{"@message":"DB Connected on port: 27017...","@timestamp":"2026-05-22T14:19:08.887Z","@fields":{"level":"info"}}
{"@message":"DB Connected on port: 27017...","@timestamp":"2026-05-22T14:19:09.896Z","@fields":{"level":"info"}}
{"@message":"DB Connected on port: 27017...","@timestamp":"2026-05-22T14:19:10.893Z","@fields":{"level":"info"}}
{"@message":"DB Connected on port: 27017...","@timestamp":"2026-05-22T14:19:11.893Z","@fields":{"level":"info"}}
{"@message":"DB Connected on port: 27017...","@timestamp":"2026-05-22T14:19:12.895Z","@fields":{"level":"info"}}
{"@message":"DB Connected on port: 27017...","@timestamp":"2026-05-22T14:19:13.895Z","@fields":{"level":"info"}}
{"@message":"DB Connected on port: 27017...","@timestamp":"2026-05-22T14:19:14.895Z","@fields":{"level":"info"}}
{"@message":"DB Connected on port: 27017...","@timestamp":"2026-05-22T14:19:15.900Z","@fields":{"level":"info"}}
{"@message":"DB Connected on port: 27017...","@timestamp":"2026-05-22T14:19:16.900Z","@fields":{"level":"info"}}
{"@message":"DB Connected on port: 27017...","@timestamp":"2026-05-22T14:19:17.901Z","@fields":{"level":"info"}}
{"@message":"DB Connected on port: 27017...","@timestamp":"2026-05-22T14:19:18.904Z","@fields":{"level":"info"}}
{"@message":"DB Connected on port: 27017...","@timestamp":"2026-05-22T14:19:19.922Z","@fields":{"level":"info"}}
{"@message":"DB Connected on port: 27017...","@timestamp":"2026-05-22T14:19:20.916Z","@fields":{"level":"info"}}
{"@message":"DB Connected on port: 27017...","@timestamp":"2026-05-22T14:19:21.916Z","@fields":{"level":"info"}}
{"@message":"DB Connected on port: 27017...","@timestamp":"2026-05-22T14:19:22.915Z","@fields":{"level":"info"}}
{"@message":"DB Connected on port: 27017...","@timestamp":"2026-05-22T14:19:23.921Z","@fields":{"level":"info"}}
{"@message":"DB Connected on port: 27017...","@timestamp":"2026-05-22T14:19:24.921Z","@fields":{"level":"info"}}
{"@message":"DB Connected on port: 27017...","@timestamp":"2026-05-22T14:19:25.936Z","@fields":{"level":"info"}}
{"@message":"DB Connected on port: 27017...","@timestamp":"2026-05-22T14:19:26.920Z","@fields":{"level":"info"}}
{"@message":"DB Connected on port: 27017...","@timestamp":"2026-05-22T14:19:27.930Z","@fields":{"level":"info"}}
{"@message":"DB Connected on port: 27017...","@timestamp":"2026-05-22T14:19:28.927Z","@fields":{"level":"info"}}
{"@message":"DB Connected on port: 27017...","@timestamp":"2026-05-22T14:19:29.932Z","@fields":{"level":"info"}}
{"@message":"DB Connected on port: 27017...","@timestamp":"2026-05-22T14:19:30.933Z","@fields":{"level":"info"}}
{"@message":"DB Connected on port: 27017...","@timestamp":"2026-05-22T14:19:31.932Z","@fields":{"level":"info"}}
{"@message":"DB Connected on port: 27017...","@timestamp":"2026-05-22T14:19:32.932Z","@fields":{"level":"info"}}
{"@message":"DB Connected on port: 27017...","@timestamp":"2026-05-22T14:19:33.939Z","@fields":{"level":"info"}}
{"@message":"DB Connected on port: 27017...","@timestamp":"2026-05-22T14:19:34.943Z","@fields":{"level":"info"}}
{"@message":"DB Connected on port: 27017...","@timestamp":"2026-05-22T14:19:35.944Z","@fields":{"level":"info"}}
{"@message":"DB Connected on port: 27017...","@timestamp":"2026-05-22T14:19:36.943Z","@fields":{"level":"info"}}
{"@message":"DB Connected on port: 27017...","@timestamp":"2026-05-22T14:19:37.944Z","@fields":{"level":"info"}}
{"@message":"DB Connected on port: 27017...","@timestamp":"2026-05-22T14:19:38.945Z","@fields":{"level":"info"}}
{"@message":"DB Connected on port: 27017...","@timestamp":"2026-05-22T14:19:39.946Z","@fields":{"level":"info"}}
{"@message":"DB Connected on port: 27017...","@timestamp":"2026-05-22T14:19:40.951Z","@fields":{"level":"info"}}
{"@message":"DB Connected on port: 27017...","@timestamp":"2026-05-22T14:19:41.950Z","@fields":{"level":"info"}}
{"@message":"DB Connected on port: 27017...","@timestamp":"2026-05-22T14:19:42.950Z","@fields":{"level":"info"}}
{"@message":"DB Connected on port: 27017...","@timestamp":"2026-05-22T14:19:43.953Z","@fields":{"level":"info"}}
{"@message":"DB Connected on port: 27017...","@timestamp":"2026-05-22T14:19:44.954Z","@fields":{"level":"info"}}
{"@message":"DB Connected on port: 27017...","@timestamp":"2026-05-22T14:19:45.954Z","@fields":{"level":"info"}}
{"@message":"DB Connected on port: 27017...","@timestamp":"2026-05-22T14:19:46.955Z","@fields":{"level":"info"}}
{"@message":"DB Connected on port: 27017...","@timestamp":"2026-05-22T14:19:47.956Z","@fields":{"level":"info"}}
{"@message":"DB Connected on port: 27017...","@timestamp":"2026-05-22T14:19:48.959Z","@fields":{"level":"info"}}
{"@message":"DB Connected on port: 27017...","@timestamp":"2026-05-22T14:19:49.963Z","@fields":{"level":"info"}}
{"@message":"DB Connected on port: 27017...","@timestamp":"2026-05-22T14:19:50.960Z","@fields":{"level":"info"}}
{"@message":"DB Connected on port: 27017...","@timestamp":"2026-05-22T14:19:51.960Z","@fields":{"level":"info"}}
{"@message":"DB Connected on port: 27017...","@timestamp":"2026-05-22T14:19:52.966Z","@fields":{"level":"info"}}
{"@message":"DB Connected on port: 27017...","@timestamp":"2026-05-22T14:19:53.967Z","@fields":{"level":"info"}}
{"@message":"DB Connected on port: 27017...","@timestamp":"2026-05-22T14:19:54.966Z","@fields":{"level":"info"}}
{"@message":"DB Connected on port: 27017...","@timestamp":"2026-05-22T14:19:55.970Z","@fields":{"level":"info"}}
{"@message":"DB Connected on port: 27017...","@timestamp":"2026-05-22T14:19:56.991Z","@fields":{"level":"info"}}
{"@message":"DB Connected on port: 27017...","@timestamp":"2026-05-22T14:19:57.971Z","@fields":{"level":"info"}}
{"@message":"DB Connected on port: 27017...","@timestamp":"2026-05-22T14:19:58.970Z","@fields":{"level":"info"}}
{"@message":"DB Connected on port: 27017...","@timestamp":"2026-05-22T14:19:59.975Z","@fields":{"level":"info"}}
{"@message":"\u001b[39m\u001b[32mCommunicating with Spreadsheet...\n","@timestamp":"2026-05-22T14:20:00.973Z","@fields":{"level":"info"}}
{"@message":"DB Connected on port: 27017...","@timestamp":"2026-05-22T14:20:00.977Z","@fields":{"level":"info"}}
{"@message":"DB Connected on port: 27017...","@timestamp":"2026-05-22T14:20:01.975Z","@fields":{"level":"info"}}
{"@message":"DB Connected on port: 27017...","@timestamp":"2026-05-22T14:20:02.975Z","@fields":{"level":"info"}}
{"@message":"\u001b[39m\u001b[32mUpdated Report information....\n","@timestamp":"2026-05-22T14:20:03.649Z","@fields":{"level":"info"}}
{"@message":"DB Connected on port: 27017...","@timestamp":"2026-05-22T14:20:03.976Z","@fields":{"level":"info"}}
{"@message":"DB Connected on port: 27017...","@timestamp":"2026-05-22T14:20:04.977Z","@fields":{"level":"info"}}
{"@message":"DB Connected on port: 27017...","@timestamp":"2026-05-22T14:20:05.978Z","@fields":{"level":"info"}}
{"@message":"DB Connected on port: 27017...","@timestamp":"2026-05-22T14:20:06.979Z","@fields":{"level":"info"}}
{"@message":"DB Connected on port: 27017...","@timestamp":"2026-05-22T14:20:07.979Z","@fields":{"level":"info"}}
{"@message":"DB Connected on port: 27017...","@timestamp":"2026-05-22T14:20:08.985Z","@fields":{"level":"info"}}
{"@message":"DB Connected on port: 27017...","@timestamp":"2026-05-22T14:20:09.981Z","@fields":{"level":"info"}}
{"@message":"DB Connected on port: 27017...","@timestamp":"2026-05-22T14:20:10.982Z","@fields":{"level":"info"}}
{"@message":"DB Connected on port: 27017...","@timestamp":"2026-05-22T14:20:11.987Z","@fields":{"level":"info"}}
{"@message":"DB Connected on port: 27017...","@timestamp":"2026-05-22T14:20:12.993Z","@fields":{"level":"info"}}
{"@message":"DB Connected on port: 27017...","@timestamp":"2026-05-22T14:20:13.986Z","@fields":{"level":"info"}}
{"@message":"DB Connected on port: 27017...","@timestamp":"2026-05-22T14:20:14.991Z","@fields":{"level":"info"}}
{"@message":"DB Connected on port: 27017...","@timestamp":"2026-05-22T14:20:16.003Z","@fields":{"level":"info"}}
{"@message":"DB Connected on port: 27017...","@timestamp":"2026-05-22T14:20:16.995Z","@fields":{"level":"info"}}
{"@message":"DB Connected on port: 27017...","@timestamp":"2026-05-22T14:20:17.993Z","@fields":{"level":"info"}}
{"@message":"DB Connected on port: 27017...","@timestamp":"2026-05-22T14:20:18.994Z","@fields":{"level":"info"}}
{"@message":"DB Connected on port: 27017...","@timestamp":"2026-05-22T14:20:19.996Z","@fields":{"level":"info"}}
{"@message":"DB Connected on port: 27017...","@timestamp":"2026-05-22T14:20:20.996Z","@fields":{"level":"info"}}
{"@message":"DB Connected on port: 27017...","@timestamp":"2026-05-22T14:20:21.998Z","@fields":{"level":"info"}}
{"@message":"DB Connected on port: 27017...","@timestamp":"2026-05-22T14:20:22.997Z","@fields":{"level":"info"}}
{"@message":"DB Connected on port: 27017...","@timestamp":"2026-05-22T14:20:23.998Z","@fields":{"level":"info"}}
{"@message":"DB Connected on port: 27017...","@timestamp":"2026-05-22T14:20:24.999Z","@fields":{"level":"info"}}
{"@message":"DB Connected on port: 27017...","@timestamp":"2026-05-22T14:20:26.007Z","@fields":{"level":"info"}}
{"@message":"DB Connected on port: 27017...","@timestamp":"2026-05-22T14:20:27.006Z","@fields":{"level":"info"}}
{"@message":"DB Connected on port: 27017...","@timestamp":"2026-05-22T14:20:28.003Z","@fields":{"level":"info"}}
{"@message":"DB Connected on port: 27017...","@timestamp":"2026-05-22T14:20:29.004Z","@fields":{"level":"info"}}
{"@message":"DB Connected on port: 27017...","@timestamp":"2026-05-22T14:20:30.007Z","@fields":{"level":"info"}}
{"@message":"DB Connected on port: 27017...","@timestamp":"2026-05-22T14:20:31.004Z","@fields":{"level":"info"}}
{"@message":"DB Connected on port: 27017...","@timestamp":"2026-05-22T14:20:32.005Z","@fields":{"level":"info"}}
{"@message":"DB Connected on port: 27017...","@timestamp":"2026-05-22T14:20:33.006Z","@fields":{"level":"info"}}
{"@message":"DB Connected on port: 27017...","@timestamp":"2026-05-22T14:20:34.006Z","@fields":{"level":"info"}}
{"@message":"DB Connected on port: 27017...","@timestamp":"2026-05-22T14:20:35.017Z","@fields":{"level":"info"}}
{"@message":"DB Connected on port: 27017...","@timestamp":"2026-05-22T14:20:36.009Z","@fields":{"level":"info"}}
{"@message":"DB Connected on port: 27017...","@timestamp":"2026-05-22T14:20:37.011Z","@fields":{"level":"info"}}
{"@message":"DB Connected on port: 27017...","@timestamp":"2026-05-22T14:20:38.012Z","@fields":{"level":"info"}}
{"@message":"DB Connected on port: 27017...","@timestamp":"2026-05-22T14:20:39.013Z","@fields":{"level":"info"}}
{"@message":"DB Connected on port: 27017...","@timestamp":"2026-05-22T14:20:40.014Z","@fields":{"level":"info"}}
{"@message":"DB Connected on port: 27017...","@timestamp":"2026-05-22T14:20:41.015Z","@fields":{"level":"info"}}
{"@message":"DB Connected on port: 27017...","@timestamp":"2026-05-22T14:20:42.016Z","@fields":{"level":"info"}}
{"@message":"DB Connected on port: 27017...","@timestamp":"2026-05-22T14:20:43.016Z","@fields":{"level":"info"}}
{"@message":"DB Connected on port: 27017...","@timestamp":"2026-05-22T14:20:44.016Z","@fields":{"level":"info"}}
{"@message":"DB Connected on port: 27017...","@timestamp":"2026-05-22T14:20:45.019Z","@fields":{"level":"info"}}
{"@message":"DB Connected on port: 27017...","@timestamp":"2026-05-22T14:20:46.019Z","@fields":{"level":"info"}}
{"@message":"DB Connected on port: 27017...","@timestamp":"2026-05-22T14:20:47.020Z","@fields":{"level":"info"}}
{"@message":"DB Connected on port: 27017...","@timestamp":"2026-05-22T14:20:48.022Z","@fields":{"level":"info"}}
{"@message":"DB Connected on port: 27017...","@timestamp":"2026-05-22T14:20:49.026Z","@fields":{"level":"info"}}
{"@message":"DB Connected on port: 27017...","@timestamp":"2026-05-22T14:20:50.026Z","@fields":{"level":"info"}}
{"@message":"DB Connected on port: 27017...","@timestamp":"2026-05-22T14:20:51.026Z","@fields":{"level":"info"}}
{"@message":"DB Connected on port: 27017...","@timestamp":"2026-05-22T14:20:52.028Z","@fields":{"level":"info"}}
{"@message":"DB Connected on port: 27017...","@timestamp":"2026-05-22T14:20:53.030Z","@fields":{"level":"info"}}
{"@message":"DB Connected on port: 27017...","@timestamp":"2026-05-22T14:20:54.029Z","@fields":{"level":"info"}}
{"@message":"DB Connected on port: 27017...","@timestamp":"2026-05-22T14:20:55.031Z","@fields":{"level":"info"}}
{"@message":"DB Connected on port: 27017...","@timestamp":"2026-05-22T14:20:56.031Z","@fields":{"level":"info"}}
{"@message":"DB Connected on port: 27017...","@timestamp":"2026-05-22T14:20:57.034Z","@fields":{"level":"info"}}
{"@message":"DB Connected on port: 27017...","@timestamp":"2026-05-22T14:20:58.034Z","@fields":{"level":"info"}}
{"@message":"DB Connected on port: 27017...","@timestamp":"2026-05-22T14:20:59.035Z","@fields":{"level":"info"}}
{"@message":"\u001b[39m\u001b[32mCommunicating with Spreadsheet...\n","@timestamp":"2026-05-22T14:21:00.036Z","@fields":{"level":"info"}}
{"@message":"DB Connected on port: 27017...","@timestamp":"2026-05-22T14:21:00.043Z","@fields":{"level":"info"}}
{"@message":"DB Connected on port: 27017...","@timestamp":"2026-05-22T14:21:01.038Z","@fields":{"level":"info"}}
{"@message":"DB Connected on port: 27017...","@timestamp":"2026-05-22T14:21:02.046Z","@fields":{"level":"info"}}
{"@message":"\u001b[39m\u001b[32mUpdated Report information....\n","@timestamp":"2026-05-22T14:21:02.692Z","@fields":{"level":"info"}}
{"@message":"DB Connected on port: 27017...","@timestamp":"2026-05-22T14:21:03.048Z","@fields":{"level":"info"}}
{"@message":"DB Connected on port: 27017...","@timestamp":"2026-05-22T14:21:04.043Z","@fields":{"level":"info"}}
{"@message":"DB Connected on port: 27017...","@timestamp":"2026-05-22T14:21:05.044Z","@fields":{"level":"info"}}
{"@message":"DB Connected on port: 27017...","@timestamp":"2026-05-22T14:21:06.045Z","@fields":{"level":"info"}}
{"@message":"DB Connected on port: 27017...","@timestamp":"2026-05-22T14:21:07.045Z","@fields":{"level":"info"}}
{"@message":"DB Connected on port: 27017...","@timestamp":"2026-05-22T14:21:08.046Z","@fields":{"level":"info"}}
{"@message":"DB Connected on port: 27017...","@timestamp":"2026-05-22T14:21:09.047Z","@fields":{"level":"info"}}
{"@message":"DB Connected on port: 27017...","@timestamp":"2026-05-22T14:21:10.058Z","@fields":{"level":"info"}}
{"@message":"DB Connected on port: 27017...","@timestamp":"2026-05-22T14:21:11.051Z","@fields":{"level":"info"}}
{"@message":"DB Connected on port: 27017...","@timestamp":"2026-05-22T14:21:12.050Z","@fields":{"level":"info"}}
{"@message":"DB Connected on port: 27017...","@timestamp":"2026-05-22T14:21:13.051Z","@fields":{"level":"info"}}
{"@message":"DB Connected on port: 27017...","@timestamp":"2026-05-22T14:21:14.053Z","@fields":{"level":"info"}}
{"@message":"DB Connected on port: 27017...","@timestamp":"2026-05-22T14:21:15.054Z","@fields":{"level":"info"}}
{"@message":"DB Connected on port: 27017...","@timestamp":"2026-05-22T14:21:16.054Z","@fields":{"level":"info"}}
{"@message":"DB Connected on port: 27017...","@timestamp":"2026-05-22T14:21:17.056Z","@fields":{"level":"info"}}
{"@message":"DB Connected on port: 27017...","@timestamp":"2026-05-22T14:21:18.058Z","@fields":{"level":"info"}}
{"@message":"DB Connected on port: 27017...","@timestamp":"2026-05-22T14:21:19.062Z","@fields":{"level":"info"}}
{"@message":"DB Connected on port: 27017...","@timestamp":"2026-05-22T14:21:20.064Z","@fields":{"level":"info"}}
{"@message":"DB Connected on port: 27017...","@timestamp":"2026-05-22T14:21:21.063Z","@fields":{"level":"info"}}
{"@message":"DB Connected on port: 27017...","@timestamp":"2026-05-22T14:21:22.067Z","@fields":{"level":"info"}}
{"@message":"DB Connected on port: 27017...","@timestamp":"2026-05-22T14:21:23.065Z","@fields":{"level":"info"}}
{"@message":"DB Connected on port: 27017...","@timestamp":"2026-05-22T14:21:24.066Z","@fields":{"level":"info"}}
{"@message":"DB Connected on port: 27017...","@timestamp":"2026-05-22T14:21:25.069Z","@fields":{"level":"info"}}
{"@message":"DB Connected on port: 27017...","@timestamp":"2026-05-22T14:21:26.084Z","@fields":{"level":"info"}}
{"@message":"DB Connected on port: 27017...","@timestamp":"2026-05-22T14:21:27.077Z","@fields":{"level":"info"}}
{"@message":"DB Connected on port: 27017...","@timestamp":"2026-05-22T14:21:28.076Z","@fields":{"level":"info"}}
{"@message":"DB Connected on port: 27017...","@timestamp":"2026-05-22T14:21:29.074Z","@fields":{"level":"info"}}
{"@message":"DB Connected on port: 27017...","@timestamp":"2026-05-22T14:21:30.080Z","@fields":{"level":"info"}}
{"@message":"DB Connected on port: 27017...","@timestamp":"2026-05-22T14:21:31.102Z","@fields":{"level":"info"}}
{"@message":"DB Connected on port: 27017...","@timestamp":"2026-05-22T14:21:32.082Z","@fields":{"level":"info"}}
{"@message":"DB Connected on port: 27017...","@timestamp":"2026-05-22T14:21:33.083Z","@fields":{"level":"info"}}
{"@message":"DB Connected on port: 27017...","@timestamp":"2026-05-22T14:21:34.083Z","@fields":{"level":"info"}}
{"@message":"DB Connected on port: 27017...","@timestamp":"2026-05-22T14:21:35.086Z","@fields":{"level":"info"}}
{"@message":"DB Connected on port: 27017...","@timestamp":"2026-05-22T14:21:36.089Z","@fields":{"level":"info"}}
{"@message":"DB Connected on port: 27017...","@timestamp":"2026-05-22T14:21:37.088Z","@fields":{"level":"info"}}
{"@message":"DB Connected on port: 27017...","@timestamp":"2026-05-22T14:21:38.091Z","@fields":{"level":"info"}}
{"@message":"DB Connected on port: 27017...","@timestamp":"2026-05-22T14:21:39.092Z","@fields":{"level":"info"}}
{"@message":"DB Connected on port: 27017...","@timestamp":"2026-05-22T14:21:40.095Z","@fields":{"level":"info"}}
{"@message":"DB Connected on port: 27017...","@timestamp":"2026-05-22T14:21:41.107Z","@fields":{"level":"info"}}
{"@message":"DB Connected on port: 27017...","@timestamp":"2026-05-22T14:21:42.099Z","@fields":{"level":"info"}}
{"@message":"DB Connected on port: 27017...","@timestamp":"2026-05-22T14:21:43.101Z","@fields":{"level":"info"}}
{"@message":"DB Connected on port: 27017...","@timestamp":"2026-05-22T14:21:44.099Z","@fields":{"level":"info"}}
{"@message":"DB Connected on port: 27017...","@timestamp":"2026-05-22T14:21:45.100Z","@fields":{"level":"info"}}
{"@message":"DB Connected on port: 27017...","@timestamp":"2026-05-22T14:21:46.105Z","@fields":{"level":"info"}}
{"@message":"DB Connected on port: 27017...","@timestamp":"2026-05-22T14:21:47.103Z","@fields":{"level":"info"}}
{"@message":"DB Connected on port: 27017...","@timestamp":"2026-05-22T14:21:48.104Z","@fields":{"level":"info"}}
{"@message":"DB Connected on port: 27017...","@timestamp":"2026-05-22T14:21:49.103Z","@fields":{"level":"info"}}
{"@message":"DB Connected on port: 27017...","@timestamp":"2026-05-22T14:21:50.106Z","@fields":{"level":"info"}}
{"@message":"DB Connected on port: 27017...","@timestamp":"2026-05-22T14:21:51.107Z","@fields":{"level":"info"}}
{"@message":"DB Connected on port: 27017...","@timestamp":"2026-05-22T14:21:52.108Z","@fields":{"level":"info"}}
{"@message":"DB Connected on port: 27017...","@timestamp":"2026-05-22T14:21:53.110Z","@fields":{"level":"info"}}
{"@message":"DB Connected on port: 27017...","@timestamp":"2026-05-22T14:21:54.113Z","@fields":{"level":"info"}}
{"@message":"DB Connected on port: 27017...","@timestamp":"2026-05-22T14:21:55.113Z","@fields":{"level":"info"}}
{"@message":"DB Connected on port: 27017...","@timestamp":"2026-05-22T14:21:56.114Z","@fields":{"level":"info"}}
{"@message":"DB Connected on port: 27017...","@timestamp":"2026-05-22T14:21:57.126Z","@fields":{"level":"info"}}
{"@message":"DB Connected on port: 27017...","@timestamp":"2026-05-22T14:21:58.116Z","@fields":{"level":"info"}}
{"@message":"DB Connected on port: 27017...","@timestamp":"2026-05-22T14:21:59.117Z","@fields":{"level":"info"}}
{"@message":"\u001b[39m\u001b[32mCommunicating with Spreadsheet...\n","@timestamp":"2026-05-22T14:22:00.121Z","@fields":{"level":"info"}}
{"@message":"DB Connected on port: 27017...","@timestamp":"2026-05-22T14:22:00.132Z","@fields":{"level":"info"}}
{"@message":"DB Connected on port: 27017...","@timestamp":"2026-05-22T14:22:01.120Z","@fields":{"level":"info"}}
{"@message":"DB Connected on port: 27017...","@timestamp":"2026-05-22T14:22:02.119Z","@fields":{"level":"info"}}
{"@message":"\u001b[39m\u001b[32mUpdated Report information....\n","@timestamp":"2026-05-22T14:22:02.779Z","@fields":{"level":"info"}}
{"@message":"DB Connected on port: 27017...","@timestamp":"2026-05-22T14:22:03.123Z","@fields":{"level":"info"}}
{"@message":"DB Connected on port: 27017...","@timestamp":"2026-05-22T14:22:04.123Z","@fields":{"level":"info"}}
{"@message":"DB Connected on port: 27017...","@timestamp":"2026-05-22T14:22:05.125Z","@fields":{"level":"info"}}
{"@message":"DB Connected on port: 27017...","@timestamp":"2026-05-22T14:22:06.126Z","@fields":{"level":"info"}}
{"@message":"DB Connected on port: 27017...","@timestamp":"2026-05-22T14:22:07.128Z","@fields":{"level":"info"}}
{"@message":"DB Connected on port: 27017...","@timestamp":"2026-05-22T14:22:08.127Z","@fields":{"level":"info"}}
{"@message":"DB Connected on port: 27017...","@timestamp":"2026-05-22T14:22:09.145Z","@fields":{"level":"info"}}
{"@message":"DB Connected on port: 27017...","@timestamp":"2026-05-22T14:22:10.141Z","@fields":{"level":"info"}}
{"@message":"DB Connected on port: 27017...","@timestamp":"2026-05-22T14:22:11.150Z","@fields":{"level":"info"}}
{"@message":"DB Connected on port: 27017...","@timestamp":"2026-05-22T14:22:12.141Z","@fields":{"level":"info"}}
{"@message":"DB Connected on port: 27017...","@timestamp":"2026-05-22T14:22:13.143Z","@fields":{"level":"info"}}
{"@message":"DB Connected on port: 27017...","@timestamp":"2026-05-22T14:22:14.144Z","@fields":{"level":"info"}}
{"@message":"DB Connected on port: 27017...","@timestamp":"2026-05-22T14:22:15.145Z","@fields":{"level":"info"}}
{"@message":"DB Connected on port: 27017...","@timestamp":"2026-05-22T14:22:16.146Z","@fields":{"level":"info"}}
{"@message":"DB Connected on port: 27017...","@timestamp":"2026-05-22T14:22:17.147Z","@fields":{"level":"info"}}
{"@message":"DB Connected on port: 27017...","@timestamp":"2026-05-22T14:22:18.148Z","@fields":{"level":"info"}}
{"@message":"DB Connected on port: 27017...","@timestamp":"2026-05-22T14:22:19.149Z","@fields":{"level":"info"}}
{"@message":"DB Connected on port: 27017...","@timestamp":"2026-05-22T14:22:20.154Z","@fields":{"level":"info"}}
{"@message":"DB Connected on port: 27017...","@timestamp":"2026-05-22T14:22:21.152Z","@fields":{"level":"info"}}
{"@message":"DB Connected on port: 27017...","@timestamp":"2026-05-22T14:22:22.152Z","@fields":{"level":"info"}}
{"@message":"DB Connected on port: 27017...","@timestamp":"2026-05-22T14:22:23.154Z","@fields":{"level":"info"}}
{"@message":"DB Connected on port: 27017...","@timestamp":"2026-05-22T14:22:24.155Z","@fields":{"level":"info"}}
{"@message":"DB Connected on port: 27017...","@timestamp":"2026-05-22T14:22:25.156Z","@fields":{"level":"info"}}
{"@message":"DB Connected on port: 27017...","@timestamp":"2026-05-22T14:22:26.161Z","@fields":{"level":"info"}}
{"@message":"DB Connected on port: 27017...","@timestamp":"2026-05-22T14:22:27.166Z","@fields":{"level":"info"}}
{"@message":"DB Connected on port: 27017...","@timestamp":"2026-05-22T14:22:28.161Z","@fields":{"level":"info"}}
{"@message":"DB Connected on port: 27017...","@timestamp":"2026-05-22T14:22:29.163Z","@fields":{"level":"info"}}
{"@message":"DB Connected on port: 27017...","@timestamp":"2026-05-22T14:22:30.164Z","@fields":{"level":"info"}}
{"@message":"DB Connected on port: 27017...","@timestamp":"2026-05-22T14:22:31.164Z","@fields":{"level":"info"}}
{"@message":"DB Connected on port: 27017...","@timestamp":"2026-05-22T14:22:32.165Z","@fields":{"level":"info"}}
{"@message":"DB Connected on port: 27017...","@timestamp":"2026-05-22T14:22:33.166Z","@fields":{"level":"info"}}
{"@message":"DB Connected on port: 27017...","@timestamp":"2026-05-22T14:22:34.167Z","@fields":{"level":"info"}}
{"@message":"DB Connected on port: 27017...","@timestamp":"2026-05-22T14:22:35.170Z","@fields":{"level":"info"}}
{"@message":"DB Connected on port: 27017...","@timestamp":"2026-05-22T14:22:36.169Z","@fields":{"level":"info"}}
{"@message":"DB Connected on port: 27017...","@timestamp":"2026-05-22T14:22:37.171Z","@fields":{"level":"info"}}
{"@message":"DB Connected on port: 27017...","@timestamp":"2026-05-22T14:22:38.171Z","@fields":{"level":"info"}}
{"@message":"DB Connected on port: 27017...","@timestamp":"2026-05-22T14:22:39.173Z","@fields":{"level":"info"}}
{"@message":"DB Connected on port: 27017...","@timestamp":"2026-05-22T14:22:40.173Z","@fields":{"level":"info"}}
{"@message":"DB Connected on port: 27017...","@timestamp":"2026-05-22T14:22:41.181Z","@fields":{"level":"info"}}
{"@message":"DB Connected on port: 27017...","@timestamp":"2026-05-22T14:22:42.174Z","@fields":{"level":"info"}}
{"@message":"DB Connected on port: 27017...","@timestamp":"2026-05-22T14:22:43.176Z","@fields":{"level":"info"}}
{"@message":"DB Connected on port: 27017...","@timestamp":"2026-05-22T14:22:44.176Z","@fields":{"level":"info"}}
{"@message":"DB Connected on port: 27017...","@timestamp":"2026-05-22T14:22:45.233Z","@fields":{"level":"info"}}
{"@message":"DB Connected on port: 27017...","@timestamp":"2026-05-22T14:22:46.180Z","@fields":{"level":"info"}}
{"@message":"DB Connected on port: 27017...","@timestamp":"2026-05-22T14:22:47.180Z","@fields":{"level":"info"}}
{"@message":"DB Connected on port: 27017...","@timestamp":"2026-05-22T14:22:48.182Z","@fields":{"level":"info"}}
{"@message":"DB Connected on port: 27017...","@timestamp":"2026-05-22T14:22:49.186Z","@fields":{"level":"info"}}
{"@message":"DB Connected on port: 27017...","@timestamp":"2026-05-22T14:22:50.184Z","@fields":{"level":"info"}}
{"@message":"DB Connected on port: 27017...","@timestamp":"2026-05-22T14:22:51.188Z","@fields":{"level":"info"}}
{"@message":"DB Connected on port: 27017...","@timestamp":"2026-05-22T14:22:52.187Z","@fields":{"level":"info"}}
{"@message":"DB Connected on port: 27017...","@timestamp":"2026-05-22T14:22:53.192Z","@fields":{"level":"info"}}
{"@message":"DB Connected on port: 27017...","@timestamp":"2026-05-22T14:22:54.190Z","@fields":{"level":"info"}}
{"@message":"DB Connected on port: 27017...","@timestamp":"2026-05-22T14:22:55.192Z","@fields":{"level":"info"}}
{"@message":"DB Connected on port: 27017...","@timestamp":"2026-05-22T14:22:56.190Z","@fields":{"level":"info"}}
{"@message":"DB Connected on port: 27017...","@timestamp":"2026-05-22T14:22:57.192Z","@fields":{"level":"info"}}
{"@message":"DB Connected on port: 27017...","@timestamp":"2026-05-22T14:22:58.196Z","@fields":{"level":"info"}}
{"@message":"DB Connected on port: 27017...","@timestamp":"2026-05-22T14:22:59.207Z","@fields":{"level":"info"}}
{"@message":"\u001b[39m\u001b[32mCommunicating with Spreadsheet...\n","@timestamp":"2026-05-22T14:23:00.196Z","@fields":{"level":"info"}}
{"@message":"DB Connected on port: 27017...","@timestamp":"2026-05-22T14:23:00.201Z","@fields":{"level":"info"}}
{"@message":"DB Connected on port: 27017...","@timestamp":"2026-05-22T14:23:01.199Z","@fields":{"level":"info"}}
{"@message":"DB Connected on port: 27017...","@timestamp":"2026-05-22T14:23:02.198Z","@fields":{"level":"info"}}
{"@message":"\u001b[39m\u001b[32mUpdated Report information....\n","@timestamp":"2026-05-22T14:23:03.153Z","@fields":{"level":"info"}}
{"@message":"DB Connected on port: 27017...","@timestamp":"2026-05-22T14:23:03.200Z","@fields":{"level":"info"}}
{"@message":"DB Connected on port: 27017...","@timestamp":"2026-05-22T14:23:04.206Z","@fields":{"level":"info"}}
{"@message":"DB Connected on port: 27017...","@timestamp":"2026-05-22T14:23:05.205Z","@fields":{"level":"info"}}
{"@message":"DB Connected on port: 27017...","@timestamp":"2026-05-22T14:23:06.204Z","@fields":{"level":"info"}}
{"@message":"DB Connected on port: 27017...","@timestamp":"2026-05-22T14:23:07.205Z","@fields":{"level":"info"}}
{"@message":"DB Connected on port: 27017...","@timestamp":"2026-05-22T14:23:08.207Z","@fields":{"level":"info"}}
{"@message":"DB Connected on port: 27017...","@timestamp":"2026-05-22T14:23:09.211Z","@fields":{"level":"info"}}
{"@message":"DB Connected on port: 27017...","@timestamp":"2026-05-22T14:23:10.214Z","@fields":{"level":"info"}}
{"@message":"DB Connected on port: 27017...","@timestamp":"2026-05-22T14:23:11.212Z","@fields":{"level":"info"}}
{"@message":"DB Connected on port: 27017...","@timestamp":"2026-05-22T14:23:12.212Z","@fields":{"level":"info"}}
{"@message":"DB Connected on port: 27017...","@timestamp":"2026-05-22T14:23:13.213Z","@fields":{"level":"info"}}
{"@message":"DB Connected on port: 27017...","@timestamp":"2026-05-22T14:23:14.216Z","@fields":{"level":"info"}}
{"@message":"DB Connected on port: 27017...","@timestamp":"2026-05-22T14:23:15.220Z","@fields":{"level":"info"}}
{"@message":"DB Connected on port: 27017...","@timestamp":"2026-05-22T14:23:16.220Z","@fields":{"level":"info"}}
{"@message":"DB Connected on port: 27017...","@timestamp":"2026-05-22T14:23:17.221Z","@fields":{"level":"info"}}
{"@message":"DB Connected on port: 27017...","@timestamp":"2026-05-22T14:23:18.222Z","@fields":{"level":"info"}}
{"@message":"DB Connected on port: 27017...","@timestamp":"2026-05-22T14:23:19.227Z","@fields":{"level":"info"}}
{"@message":"DB Connected on port: 27017...","@timestamp":"2026-05-22T14:23:20.225Z","@fields":{"level":"info"}}
{"@message":"DB Connected on port: 27017...","@timestamp":"2026-05-22T14:23:21.228Z","@fields":{"level":"info"}}
{"@message":"DB Connected on port: 27017...","@timestamp":"2026-05-22T14:23:22.225Z","@fields":{"level":"info"}}
{"@message":"DB Connected on port: 27017...","@timestamp":"2026-05-22T14:23:23.227Z","@fields":{"level":"info"}}
{"@message":"DB Connected on port: 27017...","@timestamp":"2026-05-22T14:23:24.232Z","@fields":{"level":"info"}}
{"@message":"DB Connected on port: 27017...","@timestamp":"2026-05-22T14:23:25.238Z","@fields":{"level":"info"}}
{"@message":"DB Connected on port: 27017...","@timestamp":"2026-05-22T14:23:26.232Z","@fields":{"level":"info"}}
{"@message":"DB Connected on port: 27017...","@timestamp":"2026-05-22T14:23:27.236Z","@fields":{"level":"info"}}
{"@message":"DB Connected on port: 27017...","@timestamp":"2026-05-22T14:23:28.235Z","@fields":{"level":"info"}}
{"@message":"DB Connected on port: 27017...","@timestamp":"2026-05-22T14:23:29.241Z","@fields":{"level":"info"}}
{"@message":"DB Connected on port: 27017...","@timestamp":"2026-05-22T14:23:30.242Z","@fields":{"level":"info"}}
{"@message":"DB Connected on port: 27017...","@timestamp":"2026-05-22T14:23:31.238Z","@fields":{"level":"info"}}
{"@message":"DB Connected on port: 27017...","@timestamp":"2026-05-22T14:23:32.239Z","@fields":{"level":"info"}}
{"@message":"DB Connected on port: 27017...","@timestamp":"2026-05-22T14:23:33.241Z","@fields":{"level":"info"}}
{"@message":"DB Connected on port: 27017...","@timestamp":"2026-05-22T14:23:34.240Z","@fields":{"level":"info"}}
{"@message":"DB Connected on port: 27017...","@timestamp":"2026-05-22T14:23:35.242Z","@fields":{"level":"info"}}
{"@message":"DB Connected on port: 27017...","@timestamp":"2026-05-22T14:23:36.241Z","@fields":{"level":"info"}}
{"@message":"DB Connected on port: 27017...","@timestamp":"2026-05-22T14:23:37.244Z","@fields":{"level":"info"}}
{"@message":"DB Connected on port: 27017...","@timestamp":"2026-05-22T14:23:38.246Z","@fields":{"level":"info"}}
{"@message":"DB Connected on port: 27017...","@timestamp":"2026-05-22T14:23:39.247Z","@fields":{"level":"info"}}
{"@message":"DB Connected on port: 27017...","@timestamp":"2026-05-22T14:23:40.247Z","@fields":{"level":"info"}}
{"@message":"DB Connected on port: 27017...","@timestamp":"2026-05-22T14:23:41.249Z","@fields":{"level":"info"}}
{"@message":"DB Connected on port: 27017...","@timestamp":"2026-05-22T14:23:42.248Z","@fields":{"level":"info"}}
{"@message":"DB Connected on port: 27017...","@timestamp":"2026-05-22T14:23:43.251Z","@fields":{"level":"info"}}
{"@message":"DB Connected on port: 27017...","@timestamp":"2026-05-22T14:23:44.249Z","@fields":{"level":"info"}}
{"@message":"DB Connected on port: 27017...","@timestamp":"2026-05-22T14:23:45.251Z","@fields":{"level":"info"}}
{"@message":"DB Connected on port: 27017...","@timestamp":"2026-05-22T14:23:46.256Z","@fields":{"level":"info"}}
{"@message":"DB Connected on port: 27017...","@timestamp":"2026-05-22T14:23:47.254Z","@fields":{"level":"info"}}
{"@message":"DB Connected on port: 27017...","@timestamp":"2026-05-22T14:23:48.253Z","@fields":{"level":"info"}}
{"@message":"DB Connected on port: 27017...","@timestamp":"2026-05-22T14:23:49.255Z","@fields":{"level":"info"}}
{"@message":"DB Connected on port: 27017...","@timestamp":"2026-05-22T14:23:50.254Z","@fields":{"level":"info"}}
{"@message":"DB Connected on port: 27017...","@timestamp":"2026-05-22T14:23:51.256Z","@fields":{"level":"info"}}
{"@message":"DB Connected on port: 27017...","@timestamp":"2026-05-22T14:23:52.257Z","@fields":{"level":"info"}}
{"@message":"DB Connected on port: 27017...","@timestamp":"2026-05-22T14:23:53.257Z","@fields":{"level":"info"}}
{"@message":"DB Connected on port: 27017...","@timestamp":"2026-05-22T14:23:54.264Z","@fields":{"level":"info"}}
{"@message":"DB Connected on port: 27017...","@timestamp":"2026-05-22T14:23:55.266Z","@fields":{"level":"info"}}
{"@message":"DB Connected on port: 27017...","@timestamp":"2026-05-22T14:23:56.264Z","@fields":{"level":"info"}}
{"@message":"DB Connected on port: 27017...","@timestamp":"2026-05-22T14:23:57.263Z","@fields":{"level":"info"}}
{"@message":"DB Connected on port: 27017...","@timestamp":"2026-05-22T14:23:58.265Z","@fields":{"level":"info"}}
{"@message":"DB Connected on port: 27017...","@timestamp":"2026-05-22T14:23:59.267Z","@fields":{"level":"info"}}
{"@message":"\u001b[39m\u001b[32mCommunicating with Spreadsheet...\n","@timestamp":"2026-05-22T14:24:00.276Z","@fields":{"level":"info"}}
{"@message":"DB Connected on port: 27017...","@timestamp":"2026-05-22T14:24:00.290Z","@fields":{"level":"info"}}
{"@message":"DB Connected on port: 27017...","@timestamp":"2026-05-22T14:24:01.281Z","@fields":{"level":"info"}}
{"@message":"DB Connected on port: 27017...","@timestamp":"2026-05-22T14:24:02.281Z","@fields":{"level":"info"}}
{"@message":"\u001b[39m\u001b[32mUpdated Report information....\n","@timestamp":"2026-05-22T14:24:02.822Z","@fields":{"level":"info"}}
{"@message":"DB Connected on port: 27017...","@timestamp":"2026-05-22T14:24:03.274Z","@fields":{"level":"info"}}
{"@message":"DB Connected on port: 27017...","@timestamp":"2026-05-22T14:24:04.278Z","@fields":{"level":"info"}}
{"@message":"DB Connected on port: 27017...","@timestamp":"2026-05-22T14:24:05.288Z","@fields":{"level":"info"}}
{"@message":"DB Connected on port: 27017...","@timestamp":"2026-05-22T14:24:06.289Z","@fields":{"level":"info"}}
{"@message":"DB Connected on port: 27017...","@timestamp":"2026-05-22T14:24:07.291Z","@fields":{"level":"info"}}
{"@message":"DB Connected on port: 27017...","@timestamp":"2026-05-22T14:24:08.295Z","@fields":{"level":"info"}}
{"@message":"DB Connected on port: 27017...","@timestamp":"2026-05-22T14:24:09.295Z","@fields":{"level":"info"}}
{"@message":"DB Connected on port: 27017...","@timestamp":"2026-05-22T14:24:10.295Z","@fields":{"level":"info"}}
{"@message":"DB Connected on port: 27017...","@timestamp":"2026-05-22T14:24:11.293Z","@fields":{"level":"info"}}
{"@message":"DB Connected on port: 27017...","@timestamp":"2026-05-22T14:24:12.293Z","@fields":{"level":"info"}}
{"@message":"DB Connected on port: 27017...","@timestamp":"2026-05-22T14:24:13.305Z","@fields":{"level":"info"}}
{"@message":"DB Connected on port: 27017...","@timestamp":"2026-05-22T14:24:14.299Z","@fields":{"level":"info"}}
{"@message":"DB Connected on port: 27017...","@timestamp":"2026-05-22T14:24:15.299Z","@fields":{"level":"info"}}
{"@message":"DB Connected on port: 27017...","@timestamp":"2026-05-22T14:24:16.300Z","@fields":{"level":"info"}}
{"@message":"DB Connected on port: 27017...","@timestamp":"2026-05-22T14:24:17.303Z","@fields":{"level":"info"}}
{"@message":"DB Connected on port: 27017...","@timestamp":"2026-05-22T14:24:18.312Z","@fields":{"level":"info"}}
{"@message":"DB Connected on port: 27017...","@timestamp":"2026-05-22T14:24:19.304Z","@fields":{"level":"info"}}
{"@message":"DB Connected on port: 27017...","@timestamp":"2026-05-22T14:24:20.307Z","@fields":{"level":"info"}}
{"@message":"DB Connected on port: 27017...","@timestamp":"2026-05-22T14:24:21.307Z","@fields":{"level":"info"}}
{"@message":"DB Connected on port: 27017...","@timestamp":"2026-05-22T14:24:22.307Z","@fields":{"level":"info"}}
{"@message":"DB Connected on port: 27017...","@timestamp":"2026-05-22T14:24:23.309Z","@fields":{"level":"info"}}
{"@message":"DB Connected on port: 27017...","@timestamp":"2026-05-22T14:24:24.309Z","@fields":{"level":"info"}}
{"@message":"DB Connected on port: 27017...","@timestamp":"2026-05-22T14:24:25.310Z","@fields":{"level":"info"}}
{"@message":"DB Connected on port: 27017...","@timestamp":"2026-05-22T14:24:26.319Z","@fields":{"level":"info"}}
{"@message":"DB Connected on port: 27017...","@timestamp":"2026-05-22T14:24:27.311Z","@fields":{"level":"info"}}
{"@message":"DB Connected on port: 27017...","@timestamp":"2026-05-22T14:24:28.314Z","@fields":{"level":"info"}}
{"@message":"DB Connected on port: 27017...","@timestamp":"2026-05-22T14:24:29.314Z","@fields":{"level":"info"}}
{"@message":"DB Connected on port: 27017...","@timestamp":"2026-05-22T14:24:30.320Z","@fields":{"level":"info"}}
{"@message":"DB Connected on port: 27017...","@timestamp":"2026-05-22T14:24:31.318Z","@fields":{"level":"info"}}
{"@message":"DB Connected on port: 27017...","@timestamp":"2026-05-22T14:24:32.317Z","@fields":{"level":"info"}}
{"@message":"DB Connected on port: 27017...","@timestamp":"2026-05-22T14:24:33.322Z","@fields":{"level":"info"}}
{"@message":"DB Connected on port: 27017...","@timestamp":"2026-05-22T14:24:34.320Z","@fields":{"level":"info"}}
{"@message":"DB Connected on port: 27017...","@timestamp":"2026-05-22T14:24:35.322Z","@fields":{"level":"info"}}
{"@message":"DB Connected on port: 27017...","@timestamp":"2026-05-22T14:24:36.324Z","@fields":{"level":"info"}}
{"@message":"DB Connected on port: 27017...","@timestamp":"2026-05-22T14:24:37.348Z","@fields":{"level":"info"}}
{"@message":"DB Connected on port: 27017...","@timestamp":"2026-05-22T14:24:38.329Z","@fields":{"level":"info"}}
{"@message":"DB Connected on port: 27017...","@timestamp":"2026-05-22T14:24:39.330Z","@fields":{"level":"info"}}
{"@message":"DB Connected on port: 27017...","@timestamp":"2026-05-22T14:24:40.356Z","@fields":{"level":"info"}}
{"@message":"DB Connected on port: 27017...","@timestamp":"2026-05-22T14:24:41.349Z","@fields":{"level":"info"}}
{"@message":"DB Connected on port: 27017...","@timestamp":"2026-05-22T14:24:42.340Z","@fields":{"level":"info"}}
{"@message":"DB Connected on port: 27017...","@timestamp":"2026-05-22T14:24:43.345Z","@fields":{"level":"info"}}
{"@message":"DB Connected on port: 27017...","@timestamp":"2026-05-22T14:24:44.343Z","@fields":{"level":"info"}}
{"@message":"DB Connected on port: 27017...","@timestamp":"2026-05-22T14:24:45.343Z","@fields":{"level":"info"}}
{"@message":"DB Connected on port: 27017...","@timestamp":"2026-05-22T14:24:46.346Z","@fields":{"level":"info"}}
{"@message":"DB Connected on port: 27017...","@timestamp":"2026-05-22T14:24:47.347Z","@fields":{"level":"info"}}
{"@message":"DB Connected on port: 27017...","@timestamp":"2026-05-22T14:24:48.347Z","@fields":{"level":"info"}}
{"@message":"DB Connected on port: 27017...","@timestamp":"2026-05-22T14:24:49.348Z","@fields":{"level":"info"}}
{"@message":"DB Connected on port: 27017...","@timestamp":"2026-05-22T14:24:50.356Z","@fields":{"level":"info"}}
{"@message":"DB Connected on port: 27017...","@timestamp":"2026-05-22T14:24:51.355Z","@fields":{"level":"info"}}
{"@message":"DB Connected on port: 27017...","@timestamp":"2026-05-22T14:24:52.355Z","@fields":{"level":"info"}}
{"@message":"DB Connected on port: 27017...","@timestamp":"2026-05-22T14:24:53.356Z","@fields":{"level":"info"}}
{"@message":"DB Connected on port: 27017...","@timestamp":"2026-05-22T14:24:54.358Z","@fields":{"level":"info"}}
{"@message":"DB Connected on port: 27017...","@timestamp":"2026-05-22T14:24:55.358Z","@fields":{"level":"info"}}
{"@message":"DB Connected on port: 27017...","@timestamp":"2026-05-22T14:24:56.362Z","@fields":{"level":"info"}}
{"@message":"DB Connected on port: 27017...","@timestamp":"2026-05-22T14:24:57.362Z","@fields":{"level":"info"}}
{"@message":"DB Connected on port: 27017...","@timestamp":"2026-05-22T14:24:58.365Z","@fields":{"level":"info"}}
{"@message":"DB Connected on port: 27017...","@timestamp":"2026-05-22T14:24:59.364Z","@fields":{"level":"info"}}
{"@message":"\u001b[39m\u001b[32mCommunicating with Spreadsheet...\n","@timestamp":"2026-05-22T14:25:00.368Z","@fields":{"level":"info"}}
{"@message":"DB Connected on port: 27017...","@timestamp":"2026-05-22T14:25:00.372Z","@fields":{"level":"info"}}
{"@message":"DB Connected on port: 27017...","@timestamp":"2026-05-22T14:25:01.378Z","@fields":{"level":"info"}}
{"@message":"DB Connected on port: 27017...","@timestamp":"2026-05-22T14:25:02.384Z","@fields":{"level":"info"}}
{"@message":"\u001b[39m\u001b[32mUpdated Report information....\n","@timestamp":"2026-05-22T14:25:03.253Z","@fields":{"level":"info"}}
{"@message":"DB Connected on port: 27017...","@timestamp":"2026-05-22T14:25:03.373Z","@fields":{"level":"info"}}
{"@message":"DB Connected on port: 27017...","@timestamp":"2026-05-22T14:25:04.373Z","@fields":{"level":"info"}}
{"@message":"DB Connected on port: 27017...","@timestamp":"2026-05-22T14:25:05.376Z","@fields":{"level":"info"}}
{"@message":"DB Connected on port: 27017...","@timestamp":"2026-05-22T14:25:06.376Z","@fields":{"level":"info"}}
{"@message":"DB Connected on port: 27017...","@timestamp":"2026-05-22T14:25:07.376Z","@fields":{"level":"info"}}
{"@message":"DB Connected on port: 27017...","@timestamp":"2026-05-22T14:25:08.377Z","@fields":{"level":"info"}}
{"@message":"DB Connected on port: 27017...","@timestamp":"2026-05-22T14:25:09.379Z","@fields":{"level":"info"}}
{"@message":"DB Connected on port: 27017...","@timestamp":"2026-05-22T14:25:10.383Z","@fields":{"level":"info"}}
{"@message":"DB Connected on port: 27017...","@timestamp":"2026-05-22T14:25:11.381Z","@fields":{"level":"info"}}
{"@message":"DB Connected on port: 27017...","@timestamp":"2026-05-22T14:25:12.382Z","@fields":{"level":"info"}}
{"@message":"DB Connected on port: 27017...","@timestamp":"2026-05-22T14:25:13.383Z","@fields":{"level":"info"}}
{"@message":"DB Connected on port: 27017...","@timestamp":"2026-05-22T14:25:14.384Z","@fields":{"level":"info"}}
{"@message":"DB Connected on port: 27017...","@timestamp":"2026-05-22T14:25:15.385Z","@fields":{"level":"info"}}
{"@message":"DB Connected on port: 27017...","@timestamp":"2026-05-22T14:25:16.386Z","@fields":{"level":"info"}}
{"@message":"DB Connected on port: 27017...","@timestamp":"2026-05-22T14:25:17.386Z","@fields":{"level":"info"}}
{"@message":"DB Connected on port: 27017...","@timestamp":"2026-05-22T14:25:18.388Z","@fields":{"level":"info"}}
{"@message":"DB Connected on port: 27017...","@timestamp":"2026-05-22T14:25:19.388Z","@fields":{"level":"info"}}
{"@message":"DB Connected on port: 27017...","@timestamp":"2026-05-22T14:25:20.398Z","@fields":{"level":"info"}}
{"@message":"DB Connected on port: 27017...","@timestamp":"2026-05-22T14:25:21.391Z","@fields":{"level":"info"}}
{"@message":"DB Connected on port: 27017...","@timestamp":"2026-05-22T14:25:22.392Z","@fields":{"level":"info"}}
{"@message":"DB Connected on port: 27017...","@timestamp":"2026-05-22T14:25:23.392Z","@fields":{"level":"info"}}
{"@message":"DB Connected on port: 27017...","@timestamp":"2026-05-22T14:25:24.398Z","@fields":{"level":"info"}}
{"@message":"DB Connected on port: 27017...","@timestamp":"2026-05-22T14:25:25.394Z","@fields":{"level":"info"}}
{"@message":"DB Connected on port: 27017...","@timestamp":"2026-05-22T14:25:26.406Z","@fields":{"level":"info"}}
{"@message":"DB Connected on port: 27017...","@timestamp":"2026-05-22T14:25:27.398Z","@fields":{"level":"info"}}
{"@message":"DB Connected on port: 27017...","@timestamp":"2026-05-22T14:25:28.399Z","@fields":{"level":"info"}}
{"@message":"DB Connected on port: 27017...","@timestamp":"2026-05-22T14:25:29.401Z","@fields":{"level":"info"}}
{"@message":"DB Connected on port: 27017...","@timestamp":"2026-05-22T14:25:30.401Z","@fields":{"level":"info"}}
{"@message":"DB Connected on port: 27017...","@timestamp":"2026-05-22T14:25:31.402Z","@fields":{"level":"info"}}
{"@message":"DB Connected on port: 27017...","@timestamp":"2026-05-22T14:25:32.409Z","@fields":{"level":"info"}}
{"@message":"DB Connected on port: 27017...","@timestamp":"2026-05-22T14:25:33.404Z","@fields":{"level":"info"}}
{"@message":"DB Connected on port: 27017...","@timestamp":"2026-05-22T14:25:34.417Z","@fields":{"level":"info"}}
{"@message":"DB Connected on port: 27017...","@timestamp":"2026-05-22T14:25:35.406Z","@fields":{"level":"info"}}
{"@message":"DB Connected on port: 27017...","@timestamp":"2026-05-22T14:25:36.406Z","@fields":{"level":"info"}}
{"@message":"DB Connected on port: 27017...","@timestamp":"2026-05-22T14:25:37.407Z","@fields":{"level":"info"}}
{"@message":"DB Connected on port: 27017...","@timestamp":"2026-05-22T14:25:38.410Z","@fields":{"level":"info"}}
{"@message":"DB Connected on port: 27017...","@timestamp":"2026-05-22T14:25:39.418Z","@fields":{"level":"info"}}
{"@message":"DB Connected on port: 27017...","@timestamp":"2026-05-22T14:25:40.419Z","@fields":{"level":"info"}}
{"@message":"DB Connected on port: 27017...","@timestamp":"2026-05-22T14:25:41.420Z","@fields":{"level":"info"}}
{"@message":"DB Connected on port: 27017...","@timestamp":"2026-05-22T14:25:42.419Z","@fields":{"level":"info"}}
{"@message":"DB Connected on port: 27017...","@timestamp":"2026-05-22T14:25:43.422Z","@fields":{"level":"info"}}
{"@message":"DB Connected on port: 27017...","@timestamp":"2026-05-22T14:25:44.426Z","@fields":{"level":"info"}}
{"@message":"DB Connected on port: 27017...","@timestamp":"2026-05-22T14:25:45.437Z","@fields":{"level":"info"}}
{"@message":"DB Connected on port: 27017...","@timestamp":"2026-05-22T14:25:46.431Z","@fields":{"level":"info"}}
{"@message":"DB Connected on port: 27017...","@timestamp":"2026-05-22T14:25:47.432Z","@fields":{"level":"info"}}
{"@message":"DB Connected on port: 27017...","@timestamp":"2026-05-22T14:25:48.432Z","@fields":{"level":"info"}}
{"@message":"DB Connected on port: 27017...","@timestamp":"2026-05-22T14:25:49.432Z","@fields":{"level":"info"}}
{"@message":"DB Connected on port: 27017...","@timestamp":"2026-05-22T14:25:50.433Z","@fields":{"level":"info"}}
{"@message":"DB Connected on port: 27017...","@timestamp":"2026-05-22T14:25:51.434Z","@fields":{"level":"info"}}
{"@message":"DB Connected on port: 27017...","@timestamp":"2026-05-22T14:25:52.435Z","@fields":{"level":"info"}}
{"@message":"DB Connected on port: 27017...","@timestamp":"2026-05-22T14:25:53.436Z","@fields":{"level":"info"}}
{"@message":"DB Connected on port: 27017...","@timestamp":"2026-05-22T14:25:54.437Z","@fields":{"level":"info"}}
{"@message":"DB Connected on port: 27017...","@timestamp":"2026-05-22T14:25:55.440Z","@fields":{"level":"info"}}
{"@message":"DB Connected on port: 27017...","@timestamp":"2026-05-22T14:25:56.457Z","@fields":{"level":"info"}}
{"@message":"DB Connected on port: 27017...","@timestamp":"2026-05-22T14:25:57.455Z","@fields":{"level":"info"}}
{"@message":"DB Connected on port: 27017...","@timestamp":"2026-05-22T14:25:58.446Z","@fields":{"level":"info"}}
{"@message":"DB Connected on port: 27017...","@timestamp":"2026-05-22T14:25:59.445Z","@fields":{"level":"info"}}
{"@message":"\u001b[39m\u001b[32mCommunicating with Spreadsheet...\n","@timestamp":"2026-05-22T14:26:00.449Z","@fields":{"level":"info"}}
{"@message":"DB Connected on port: 27017...","@timestamp":"2026-05-22T14:26:00.460Z","@fields":{"level":"info"}}
{"@message":"DB Connected on port: 27017...","@timestamp":"2026-05-22T14:26:01.449Z","@fields":{"level":"info"}}
{"@message":"DB Connected on port: 27017...","@timestamp":"2026-05-22T14:26:02.450Z","@fields":{"level":"info"}}
{"@message":"DB Connected on port: 27017...","@timestamp":"2026-05-22T14:26:03.458Z","@fields":{"level":"info"}}
{"@message":"\u001b[39m\u001b[32mUpdated Report information....\n","@timestamp":"2026-05-22T14:26:03.669Z","@fields":{"level":"info"}}
{"@message":"DB Connected on port: 27017...","@timestamp":"2026-05-22T14:26:04.450Z","@fields":{"level":"info"}}
{"@message":"DB Connected on port: 27017...","@timestamp":"2026-05-22T14:26:05.454Z","@fields":{"level":"info"}}
{"@message":"DB Connected on port: 27017...","@timestamp":"2026-05-22T14:26:06.452Z","@fields":{"level":"info"}}
{"@message":"DB Connected on port: 27017...","@timestamp":"2026-05-22T14:26:07.453Z","@fields":{"level":"info"}}
{"@message":"DB Connected on port: 27017...","@timestamp":"2026-05-22T14:26:08.454Z","@fields":{"level":"info"}}
{"@message":"DB Connected on port: 27017...","@timestamp":"2026-05-22T14:26:09.456Z","@fields":{"level":"info"}}
{"@message":"DB Connected on port: 27017...","@timestamp":"2026-05-22T14:26:10.460Z","@fields":{"level":"info"}}
{"@message":"DB Connected on port: 27017...","@timestamp":"2026-05-22T14:26:11.457Z","@fields":{"level":"info"}}
{"@message":"DB Connected on port: 27017...","@timestamp":"2026-05-22T14:26:12.460Z","@fields":{"level":"info"}}
{"@message":"DB Connected on port: 27017...","@timestamp":"2026-05-22T14:26:13.460Z","@fields":{"level":"info"}}
{"@message":"DB Connected on port: 27017...","@timestamp":"2026-05-22T14:26:14.460Z","@fields":{"level":"info"}}
{"@message":"DB Connected on port: 27017...","@timestamp":"2026-05-22T14:26:15.462Z","@fields":{"level":"info"}}
{"@message":"DB Connected on port: 27017...","@timestamp":"2026-05-22T14:26:16.463Z","@fields":{"level":"info"}}
{"@message":"DB Connected on port: 27017...","@timestamp":"2026-05-22T14:26:17.463Z","@fields":{"level":"info"}}
{"@message":"DB Connected on port: 27017...","@timestamp":"2026-05-22T14:26:18.464Z","@fields":{"level":"info"}}
{"@message":"DB Connected on port: 27017...","@timestamp":"2026-05-22T14:26:19.465Z","@fields":{"level":"info"}}
{"@message":"DB Connected on port: 27017...","@timestamp":"2026-05-22T14:26:20.466Z","@fields":{"level":"info"}}
{"@message":"DB Connected on port: 27017...","@timestamp":"2026-05-22T14:26:21.467Z","@fields":{"level":"info"}}
{"@message":"DB Connected on port: 27017...","@timestamp":"2026-05-22T14:26:22.469Z","@fields":{"level":"info"}}
{"@message":"DB Connected on port: 27017...","@timestamp":"2026-05-22T14:26:23.470Z","@fields":{"level":"info"}}
{"@message":"DB Connected on port: 27017...","@timestamp":"2026-05-22T14:26:24.481Z","@fields":{"level":"info"}}
{"@message":"DB Connected on port: 27017...","@timestamp":"2026-05-22T14:26:25.473Z","@fields":{"level":"info"}}
{"@message":"DB Connected on port: 27017...","@timestamp":"2026-05-22T14:26:26.477Z","@fields":{"level":"info"}}
{"@message":"DB Connected on port: 27017...","@timestamp":"2026-05-22T14:26:27.480Z","@fields":{"level":"info"}}
{"@message":"DB Connected on port: 27017...","@timestamp":"2026-05-22T14:26:28.482Z","@fields":{"level":"info"}}
{"@message":"DB Connected on port: 27017...","@timestamp":"2026-05-22T14:26:29.478Z","@fields":{"level":"info"}}
{"@message":"DB Connected on port: 27017...","@timestamp":"2026-05-22T14:26:30.480Z","@fields":{"level":"info"}}
{"@message":"DB Connected on port: 27017...","@timestamp":"2026-05-22T14:26:31.482Z","@fields":{"level":"info"}}
{"@message":"DB Connected on port: 27017...","@timestamp":"2026-05-22T14:26:32.482Z","@fields":{"level":"info"}}
{"@message":"DB Connected on port: 27017...","@timestamp":"2026-05-22T14:26:33.483Z","@fields":{"level":"info"}}
{"@message":"DB Connected on port: 27017...","@timestamp":"2026-05-22T14:26:34.484Z","@fields":{"level":"info"}}
{"@message":"DB Connected on port: 27017...","@timestamp":"2026-05-22T14:26:35.486Z","@fields":{"level":"info"}}
{"@message":"DB Connected on port: 27017...","@timestamp":"2026-05-22T14:26:36.486Z","@fields":{"level":"info"}}
{"@message":"DB Connected on port: 27017...","@timestamp":"2026-05-22T14:26:37.487Z","@fields":{"level":"info"}}
{"@message":"DB Connected on port: 27017...","@timestamp":"2026-05-22T14:26:38.487Z","@fields":{"level":"info"}}
{"@message":"DB Connected on port: 27017...","@timestamp":"2026-05-22T14:26:39.491Z","@fields":{"level":"info"}}
{"@message":"DB Connected on port: 27017...","@timestamp":"2026-05-22T14:26:40.492Z","@fields":{"level":"info"}}
{"@message":"DB Connected on port: 27017...","@timestamp":"2026-05-22T14:26:41.493Z","@fields":{"level":"info"}}
{"@message":"DB Connected on port: 27017...","@timestamp":"2026-05-22T14:26:42.492Z","@fields":{"level":"info"}}
{"@message":"DB Connected on port: 27017...","@timestamp":"2026-05-22T14:26:43.492Z","@fields":{"level":"info"}}
{"@message":"DB Connected on port: 27017...","@timestamp":"2026-05-22T14:26:44.493Z","@fields":{"level":"info"}}
{"@message":"DB Connected on port: 27017...","@timestamp":"2026-05-22T14:26:45.499Z","@fields":{"level":"info"}}
{"@message":"DB Connected on port: 27017...","@timestamp":"2026-05-22T14:26:46.495Z","@fields":{"level":"info"}}
{"@message":"DB Connected on port: 27017...","@timestamp":"2026-05-22T14:26:47.496Z","@fields":{"level":"info"}}
{"@message":"DB Connected on port: 27017...","@timestamp":"2026-05-22T14:26:48.497Z","@fields":{"level":"info"}}
{"@message":"DB Connected on port: 27017...","@timestamp":"2026-05-22T14:26:49.497Z","@fields":{"level":"info"}}
{"@message":"DB Connected on port: 27017...","@timestamp":"2026-05-22T14:26:50.499Z","@fields":{"level":"info"}}
{"@message":"DB Connected on port: 27017...","@timestamp":"2026-05-22T14:26:51.500Z","@fields":{"level":"info"}}
{"@message":"DB Connected on port: 27017...","@timestamp":"2026-05-22T14:26:52.502Z","@fields":{"level":"info"}}
{"@message":"DB Connected on port: 27017...","@timestamp":"2026-05-22T14:26:53.503Z","@fields":{"level":"info"}}
{"@message":"DB Connected on port: 27017...","@timestamp":"2026-05-22T14:26:54.503Z","@fields":{"level":"info"}}
{"@message":"DB Connected on port: 27017...","@timestamp":"2026-05-22T14:26:55.504Z","@fields":{"level":"info"}}
{"@message":"DB Connected on port: 27017...","@timestamp":"2026-05-22T14:26:56.507Z","@fields":{"level":"info"}}
{"@message":"DB Connected on port: 27017...","@timestamp":"2026-05-22T14:26:57.507Z","@fields":{"level":"info"}}
{"@message":"DB Connected on port: 27017...","@timestamp":"2026-05-22T14:26:58.512Z","@fields":{"level":"info"}}
{"@message":"DB Connected on port: 27017...","@timestamp":"2026-05-22T14:26:59.508Z","@fields":{"level":"info"}}
{"@message":"\u001b[39m\u001b[32mCommunicating with Spreadsheet...\n","@timestamp":"2026-05-22T14:27:00.510Z","@fields":{"level":"info"}}
{"@message":"DB Connected on port: 27017...","@timestamp":"2026-05-22T14:27:00.565Z","@fields":{"level":"info"}}
{"@message":"DB Connected on port: 27017...","@timestamp":"2026-05-22T14:27:01.510Z","@fields":{"level":"info"}}
{"@message":"DB Connected on port: 27017...","@timestamp":"2026-05-22T14:27:02.512Z","@fields":{"level":"info"}}
{"@message":"DB Connected on port: 27017...","@timestamp":"2026-05-22T14:27:03.512Z","@fields":{"level":"info"}}
{"@message":"\u001b[39m\u001b[32mUpdated Report information....\n","@timestamp":"2026-05-22T14:27:03.547Z","@fields":{"level":"info"}}
{"@message":"DB Connected on port: 27017...","@timestamp":"2026-05-22T14:27:04.513Z","@fields":{"level":"info"}}
{"@message":"DB Connected on port: 27017...","@timestamp":"2026-05-22T14:27:05.515Z","@fields":{"level":"info"}}
{"@message":"DB Connected on port: 27017...","@timestamp":"2026-05-22T14:27:06.519Z","@fields":{"level":"info"}}
{"@message":"DB Connected on port: 27017...","@timestamp":"2026-05-22T14:27:07.519Z","@fields":{"level":"info"}}
{"@message":"DB Connected on port: 27017...","@timestamp":"2026-05-22T14:27:08.519Z","@fields":{"level":"info"}}
{"@message":"DB Connected on port: 27017...","@timestamp":"2026-05-22T14:27:09.520Z","@fields":{"level":"info"}}
{"@message":"DB Connected on port: 27017...","@timestamp":"2026-05-22T14:27:10.526Z","@fields":{"level":"info"}}
{"@message":"DB Connected on port: 27017...","@timestamp":"2026-05-22T14:27:11.528Z","@fields":{"level":"info"}}
{"@message":"DB Connected on port: 27017...","@timestamp":"2026-05-22T14:27:12.528Z","@fields":{"level":"info"}}
{"@message":"DB Connected on port: 27017...","@timestamp":"2026-05-22T14:27:13.528Z","@fields":{"level":"info"}}
{"@message":"DB Connected on port: 27017...","@timestamp":"2026-05-22T14:27:14.530Z","@fields":{"level":"info"}}
{"@message":"DB Connected on port: 27017...","@timestamp":"2026-05-22T14:27:15.532Z","@fields":{"level":"info"}}
{"@message":"DB Connected on port: 27017...","@timestamp":"2026-05-22T14:27:16.531Z","@fields":{"level":"info"}}
{"@message":"DB Connected on port: 27017...","@timestamp":"2026-05-22T14:27:17.533Z","@fields":{"level":"info"}}
{"@message":"DB Connected on port: 27017...","@timestamp":"2026-05-22T14:27:18.532Z","@fields":{"level":"info"}}
{"@message":"DB Connected on port: 27017...","@timestamp":"2026-05-22T14:27:19.555Z","@fields":{"level":"info"}}
{"@message":"DB Connected on port: 27017...","@timestamp":"2026-05-22T14:27:20.539Z","@fields":{"level":"info"}}
{"@message":"DB Connected on port: 27017...","@timestamp":"2026-05-22T14:27:21.540Z","@fields":{"level":"info"}}
{"@message":"DB Connected on port: 27017...","@timestamp":"2026-05-22T14:27:22.539Z","@fields":{"level":"info"}}
{"@message":"DB Connected on port: 27017...","@timestamp":"2026-05-22T14:27:23.542Z","@fields":{"level":"info"}}
{"@message":"DB Connected on port: 27017...","@timestamp":"2026-05-22T14:27:24.541Z","@fields":{"level":"info"}}
{"@message":"DB Connected on port: 27017...","@timestamp":"2026-05-22T14:27:25.563Z","@fields":{"level":"info"}}
{"@message":"DB Connected on port: 27017...","@timestamp":"2026-05-22T14:27:26.544Z","@fields":{"level":"info"}}
{"@message":"DB Connected on port: 27017...","@timestamp":"2026-05-22T14:27:27.544Z","@fields":{"level":"info"}}
{"@message":"DB Connected on port: 27017...","@timestamp":"2026-05-22T14:27:28.546Z","@fields":{"level":"info"}}
{"@message":"DB Connected on port: 27017...","@timestamp":"2026-05-22T14:27:29.545Z","@fields":{"level":"info"}}
{"@message":"DB Connected on port: 27017...","@timestamp":"2026-05-22T14:27:30.559Z","@fields":{"level":"info"}}
{"@message":"DB Connected on port: 27017...","@timestamp":"2026-05-22T14:27:31.549Z","@fields":{"level":"info"}}
{"@message":"DB Connected on port: 27017...","@timestamp":"2026-05-22T14:27:32.549Z","@fields":{"level":"info"}}
{"@message":"DB Connected on port: 27017...","@timestamp":"2026-05-22T14:27:33.550Z","@fields":{"level":"info"}}
{"@message":"DB Connected on port: 27017...","@timestamp":"2026-05-22T14:27:34.563Z","@fields":{"level":"info"}}
{"@message":"DB Connected on port: 27017...","@timestamp":"2026-05-22T14:27:35.554Z","@fields":{"level":"info"}}
{"@message":"DB Connected on port: 27017...","@timestamp":"2026-05-22T14:27:36.556Z","@fields":{"level":"info"}}
{"@message":"DB Connected on port: 27017...","@timestamp":"2026-05-22T14:27:37.556Z","@fields":{"level":"info"}}
{"@message":"DB Connected on port: 27017...","@timestamp":"2026-05-22T14:27:38.558Z","@fields":{"level":"info"}}
{"@message":"DB Connected on port: 27017...","@timestamp":"2026-05-22T14:27:39.559Z","@fields":{"level":"info"}}
{"@message":"DB Connected on port: 27017...","@timestamp":"2026-05-22T14:27:40.561Z","@fields":{"level":"info"}}
{"@message":"DB Connected on port: 27017...","@timestamp":"2026-05-22T14:27:41.562Z","@fields":{"level":"info"}}
{"@message":"DB Connected on port: 27017...","@timestamp":"2026-05-22T14:27:42.564Z","@fields":{"level":"info"}}
{"@message":"DB Connected on port: 27017...","@timestamp":"2026-05-22T14:27:43.566Z","@fields":{"level":"info"}}
{"@message":"DB Connected on port: 27017...","@timestamp":"2026-05-22T14:27:44.566Z","@fields":{"level":"info"}}
{"@message":"DB Connected on port: 27017...","@timestamp":"2026-05-22T14:27:45.567Z","@fields":{"level":"info"}}
{"@message":"DB Connected on port: 27017...","@timestamp":"2026-05-22T14:27:46.572Z","@fields":{"level":"info"}}
{"@message":"DB Connected on port: 27017...","@timestamp":"2026-05-22T14:27:47.568Z","@fields":{"level":"info"}}
{"@message":"DB Connected on port: 27017...","@timestamp":"2026-05-22T14:27:48.570Z","@fields":{"level":"info"}}
{"@message":"DB Connected on port: 27017...","@timestamp":"2026-05-22T14:27:49.570Z","@fields":{"level":"info"}}
{"@message":"DB Connected on port: 27017...","@timestamp":"2026-05-22T14:27:50.571Z","@fields":{"level":"info"}}
{"@message":"DB Connected on port: 27017...","@timestamp":"2026-05-22T14:27:51.573Z","@fields":{"level":"info"}}
{"@message":"DB Connected on port: 27017...","@timestamp":"2026-05-22T14:27:52.574Z","@fields":{"level":"info"}}
{"@message":"DB Connected on port: 27017...","@timestamp":"2026-05-22T14:27:53.576Z","@fields":{"level":"info"}}
{"@message":"DB Connected on port: 27017...","@timestamp":"2026-05-22T14:27:54.591Z","@fields":{"level":"info"}}
{"@message":"DB Connected on port: 27017...","@timestamp":"2026-05-22T14:27:55.586Z","@fields":{"level":"info"}}
{"@message":"DB Connected on port: 27017...","@timestamp":"2026-05-22T14:27:56.583Z","@fields":{"level":"info"}}
{"@message":"DB Connected on port: 27017...","@timestamp":"2026-05-22T14:27:57.584Z","@fields":{"level":"info"}}
{"@message":"DB Connected on port: 27017...","@timestamp":"2026-05-22T14:27:58.586Z","@fields":{"level":"info"}}
{"@message":"DB Connected on port: 27017...","@timestamp":"2026-05-22T14:27:59.586Z","@fields":{"level":"info"}}
{"@message":"\u001b[39m\u001b[32mCommunicating with Spreadsheet...\n","@timestamp":"2026-05-22T14:28:00.588Z","@fields":{"level":"info"}}
{"@message":"DB Connected on port: 27017...","@timestamp":"2026-05-22T14:28:00.598Z","@fields":{"level":"info"}}
{"@message":"DB Connected on port: 27017...","@timestamp":"2026-05-22T14:28:01.591Z","@fields":{"level":"info"}}
{"@message":"DB Connected on port: 27017...","@timestamp":"2026-05-22T14:28:02.589Z","@fields":{"level":"info"}}
{"@message":"\u001b[39m\u001b[32mUpdated Report information....\n","@timestamp":"2026-05-22T14:28:03.560Z","@fields":{"level":"info"}}
{"@message":"DB Connected on port: 27017...","@timestamp":"2026-05-22T14:28:03.592Z","@fields":{"level":"info"}}
{"@message":"DB Connected on port: 27017...","@timestamp":"2026-05-22T14:28:04.592Z","@fields":{"level":"info"}}
{"@message":"DB Connected on port: 27017...","@timestamp":"2026-05-22T14:28:05.598Z","@fields":{"level":"info"}}
{"@message":"DB Connected on port: 27017...","@timestamp":"2026-05-22T14:28:06.595Z","@fields":{"level":"info"}}
{"@message":"DB Connected on port: 27017...","@timestamp":"2026-05-22T14:28:07.595Z","@fields":{"level":"info"}}
{"@message":"DB Connected on port: 27017...","@timestamp":"2026-05-22T14:28:08.597Z","@fields":{"level":"info"}}
{"@message":"DB Connected on port: 27017...","@timestamp":"2026-05-22T14:28:09.600Z","@fields":{"level":"info"}}
{"@message":"DB Connected on port: 27017...","@timestamp":"2026-05-22T14:28:10.603Z","@fields":{"level":"info"}}
{"@message":"DB Connected on port: 27017...","@timestamp":"2026-05-22T14:28:11.607Z","@fields":{"level":"info"}}
{"@message":"DB Connected on port: 27017...","@timestamp":"2026-05-22T14:28:12.605Z","@fields":{"level":"info"}}
{"@message":"DB Connected on port: 27017...","@timestamp":"2026-05-22T14:28:13.606Z","@fields":{"level":"info"}}
{"@message":"DB Connected on port: 27017...","@timestamp":"2026-05-22T14:28:14.606Z","@fields":{"level":"info"}}
{"@message":"DB Connected on port: 27017...","@timestamp":"2026-05-22T14:28:15.612Z","@fields":{"level":"info"}}
{"@message":"DB Connected on port: 27017...","@timestamp":"2026-05-22T14:28:16.617Z","@fields":{"level":"info"}}
{"@message":"DB Connected on port: 27017...","@timestamp":"2026-05-22T14:28:17.616Z","@fields":{"level":"info"}}
{"@message":"DB Connected on port: 27017...","@timestamp":"2026-05-22T14:28:18.614Z","@fields":{"level":"info"}}
{"@message":"DB Connected on port: 27017...","@timestamp":"2026-05-22T14:28:19.616Z","@fields":{"level":"info"}}
{"@message":"DB Connected on port: 27017...","@timestamp":"2026-05-22T14:28:20.618Z","@fields":{"level":"info"}}
{"@message":"DB Connected on port: 27017...","@timestamp":"2026-05-22T14:28:21.619Z","@fields":{"level":"info"}}
{"@message":"DB Connected on port: 27017...","@timestamp":"2026-05-22T14:28:22.618Z","@fields":{"level":"info"}}
{"@message":"DB Connected on port: 27017...","@timestamp":"2026-05-22T14:28:23.621Z","@fields":{"level":"info"}}
{"@message":"DB Connected on port: 27017...","@timestamp":"2026-05-22T14:28:24.620Z","@fields":{"level":"info"}}
{"@message":"DB Connected on port: 27017...","@timestamp":"2026-05-22T14:28:25.653Z","@fields":{"level":"info"}}
{"@message":"DB Connected on port: 27017...","@timestamp":"2026-05-22T14:28:26.636Z","@fields":{"level":"info"}}
{"@message":"DB Connected on port: 27017...","@timestamp":"2026-05-22T14:28:27.637Z","@fields":{"level":"info"}}
{"@message":"DB Connected on port: 27017...","@timestamp":"2026-05-22T14:28:28.643Z","@fields":{"level":"info"}}
{"@message":"DB Connected on port: 27017...","@timestamp":"2026-05-22T14:28:29.638Z","@fields":{"level":"info"}}
{"@message":"DB Connected on port: 27017...","@timestamp":"2026-05-22T14:28:30.734Z","@fields":{"level":"info"}}
{"@message":"DB Connected on port: 27017...","@timestamp":"2026-05-22T14:28:31.641Z","@fields":{"level":"info"}}
{"@message":"DB Connected on port: 27017...","@timestamp":"2026-05-22T14:28:32.640Z","@fields":{"level":"info"}}
{"@message":"DB Connected on port: 27017...","@timestamp":"2026-05-22T14:28:33.641Z","@fields":{"level":"info"}}
{"@message":"DB Connected on port: 27017...","@timestamp":"2026-05-22T14:28:34.640Z","@fields":{"level":"info"}}
{"@message":"DB Connected on port: 27017...","@timestamp":"2026-05-22T14:28:35.641Z","@fields":{"level":"info"}}
{"@message":"DB Connected on port: 27017...","@timestamp":"2026-05-22T14:28:36.643Z","@fields":{"level":"info"}}
{"@message":"DB Connected on port: 27017...","@timestamp":"2026-05-22T14:28:37.645Z","@fields":{"level":"info"}}
{"@message":"DB Connected on port: 27017...","@timestamp":"2026-05-22T14:28:38.645Z","@fields":{"level":"info"}}
{"@message":"DB Connected on port: 27017...","@timestamp":"2026-05-22T14:28:39.649Z","@fields":{"level":"info"}}
{"@message":"DB Connected on port: 27017...","@timestamp":"2026-05-22T14:28:40.649Z","@fields":{"level":"info"}}
{"@message":"DB Connected on port: 27017...","@timestamp":"2026-05-22T14:28:41.651Z","@fields":{"level":"info"}}
{"@message":"DB Connected on port: 27017...","@timestamp":"2026-05-22T14:28:42.649Z","@fields":{"level":"info"}}
{"@message":"DB Connected on port: 27017...","@timestamp":"2026-05-22T14:28:43.654Z","@fields":{"level":"info"}}
{"@message":"DB Connected on port: 27017...","@timestamp":"2026-05-22T14:28:44.651Z","@fields":{"level":"info"}}
{"@message":"DB Connected on port: 27017...","@timestamp":"2026-05-22T14:28:45.652Z","@fields":{"level":"info"}}
{"@message":"DB Connected on port: 27017...","@timestamp":"2026-05-22T14:28:46.653Z","@fields":{"level":"info"}}
{"@message":"DB Connected on port: 27017...","@timestamp":"2026-05-22T14:28:47.655Z","@fields":{"level":"info"}}
{"@message":"DB Connected on port: 27017...","@timestamp":"2026-05-22T14:28:48.657Z","@fields":{"level":"info"}}
{"@message":"DB Connected on port: 27017...","@timestamp":"2026-05-22T14:28:49.655Z","@fields":{"level":"info"}}
{"@message":"DB Connected on port: 27017...","@timestamp":"2026-05-22T14:28:50.657Z","@fields":{"level":"info"}}
{"@message":"DB Connected on port: 27017...","@timestamp":"2026-05-22T14:28:51.662Z","@fields":{"level":"info"}}
{"@message":"DB Connected on port: 27017...","@timestamp":"2026-05-22T14:28:52.659Z","@fields":{"level":"info"}}
{"@message":"DB Connected on port: 27017...","@timestamp":"2026-05-22T14:28:53.660Z","@fields":{"level":"info"}}
{"@message":"DB Connected on port: 27017...","@timestamp":"2026-05-22T14:28:54.661Z","@fields":{"level":"info"}}
{"@message":"DB Connected on port: 27017...","@timestamp":"2026-05-22T14:28:55.669Z","@fields":{"level":"info"}}
{"@message":"DB Connected on port: 27017...","@timestamp":"2026-05-22T14:28:56.663Z","@fields":{"level":"info"}}
{"@message":"DB Connected on port: 27017...","@timestamp":"2026-05-22T14:28:57.665Z","@fields":{"level":"info"}}
{"@message":"DB Connected on port: 27017...","@timestamp":"2026-05-22T14:28:58.665Z","@fields":{"level":"info"}}
{"@message":"DB Connected on port: 27017...","@timestamp":"2026-05-22T14:28:59.666Z","@fields":{"level":"info"}}
{"@message":"\u001b[39m\u001b[32mCommunicating with Spreadsheet...\n","@timestamp":"2026-05-22T14:29:00.669Z","@fields":{"level":"info"}}
{"@message":"DB Connected on port: 27017...","@timestamp":"2026-05-22T14:29:00.688Z","@fields":{"level":"info"}}
{"@message":"DB Connected on port: 27017...","@timestamp":"2026-05-22T14:29:01.669Z","@fields":{"level":"info"}}
{"@message":"DB Connected on port: 27017...","@timestamp":"2026-05-22T14:29:02.671Z","@fields":{"level":"info"}}
{"@message":"DB Connected on port: 27017...","@timestamp":"2026-05-22T14:29:03.671Z","@fields":{"level":"info"}}
{"@message":"\u001b[39m\u001b[32mUpdated Report information....\n","@timestamp":"2026-05-22T14:29:03.689Z","@fields":{"level":"info"}}
{"@message":"DB Connected on port: 27017...","@timestamp":"2026-05-22T14:29:04.671Z","@fields":{"level":"info"}}
{"@message":"DB Connected on port: 27017...","@timestamp":"2026-05-22T14:29:05.678Z","@fields":{"level":"info"}}
{"@message":"DB Connected on port: 27017...","@timestamp":"2026-05-22T14:29:06.677Z","@fields":{"level":"info"}}
{"@message":"DB Connected on port: 27017...","@timestamp":"2026-05-22T14:29:07.678Z","@fields":{"level":"info"}}
{"@message":"DB Connected on port: 27017...","@timestamp":"2026-05-22T14:29:08.676Z","@fields":{"level":"info"}}
{"@message":"DB Connected on port: 27017...","@timestamp":"2026-05-22T14:29:09.678Z","@fields":{"level":"info"}}
{"@message":"DB Connected on port: 27017...","@timestamp":"2026-05-22T14:29:10.680Z","@fields":{"level":"info"}}
{"@message":"DB Connected on port: 27017...","@timestamp":"2026-05-22T14:29:11.681Z","@fields":{"level":"info"}}
{"@message":"DB Connected on port: 27017...","@timestamp":"2026-05-22T14:29:12.681Z","@fields":{"level":"info"}}
{"@message":"DB Connected on port: 27017...","@timestamp":"2026-05-22T14:29:13.682Z","@fields":{"level":"info"}}
{"@message":"DB Connected on port: 27017...","@timestamp":"2026-05-22T14:29:14.682Z","@fields":{"level":"info"}}
{"@message":"DB Connected on port: 27017...","@timestamp":"2026-05-22T14:29:15.684Z","@fields":{"level":"info"}}
{"@message":"DB Connected on port: 27017...","@timestamp":"2026-05-22T14:29:16.685Z","@fields":{"level":"info"}}
{"@message":"DB Connected on port: 27017...","@timestamp":"2026-05-22T14:29:17.685Z","@fields":{"level":"info"}}
{"@message":"DB Connected on port: 27017...","@timestamp":"2026-05-22T14:29:18.686Z","@fields":{"level":"info"}}
{"@message":"DB Connected on port: 27017...","@timestamp":"2026-05-22T14:29:19.687Z","@fields":{"level":"info"}}
{"@message":"DB Connected on port: 27017...","@timestamp":"2026-05-22T14:29:20.691Z","@fields":{"level":"info"}}
{"@message":"DB Connected on port: 27017...","@timestamp":"2026-05-22T14:29:21.694Z","@fields":{"level":"info"}}
{"@message":"DB Connected on port: 27017...","@timestamp":"2026-05-22T14:29:22.693Z","@fields":{"level":"info"}}
{"@message":"DB Connected on port: 27017...","@timestamp":"2026-05-22T14:29:23.693Z","@fields":{"level":"info"}}
{"@message":"DB Connected on port: 27017...","@timestamp":"2026-05-22T14:29:24.693Z","@fields":{"level":"info"}}
{"@message":"DB Connected on port: 27017...","@timestamp":"2026-05-22T14:29:25.698Z","@fields":{"level":"info"}}
{"@message":"DB Connected on port: 27017...","@timestamp":"2026-05-22T14:29:26.699Z","@fields":{"level":"info"}}
{"@message":"DB Connected on port: 27017...","@timestamp":"2026-05-22T14:29:27.697Z","@fields":{"level":"info"}}
{"@message":"DB Connected on port: 27017...","@timestamp":"2026-05-22T14:29:28.696Z","@fields":{"level":"info"}}
{"@message":"DB Connected on port: 27017...","@timestamp":"2026-05-22T14:29:29.697Z","@fields":{"level":"info"}}
{"@message":"DB Connected on port: 27017...","@timestamp":"2026-05-22T14:29:30.699Z","@fields":{"level":"info"}}
{"@message":"DB Connected on port: 27017...","@timestamp":"2026-05-22T14:29:31.700Z","@fields":{"level":"info"}}
{"@message":"DB Connected on port: 27017...","@timestamp":"2026-05-22T14:29:32.701Z","@fields":{"level":"info"}}
{"@message":"DB Connected on port: 27017...","@timestamp":"2026-05-22T14:29:33.702Z","@fields":{"level":"info"}}
{"@message":"DB Connected on port: 27017...","@timestamp":"2026-05-22T14:29:34.703Z","@fields":{"level":"info"}}
{"@message":"DB Connected on port: 27017...","@timestamp":"2026-05-22T14:29:35.706Z","@fields":{"level":"info"}}
{"@message":"DB Connected on port: 27017...","@timestamp":"2026-05-22T14:29:36.707Z","@fields":{"level":"info"}}
{"@message":"DB Connected on port: 27017...","@timestamp":"2026-05-22T14:29:37.707Z","@fields":{"level":"info"}}
{"@message":"DB Connected on port: 27017...","@timestamp":"2026-05-22T14:29:38.713Z","@fields":{"level":"info"}}
{"@message":"DB Connected on port: 27017...","@timestamp":"2026-05-22T14:29:39.711Z","@fields":{"level":"info"}}
{"@message":"DB Connected on port: 27017...","@timestamp":"2026-05-22T14:29:40.712Z","@fields":{"level":"info"}}
{"@message":"DB Connected on port: 27017...","@timestamp":"2026-05-22T14:29:41.713Z","@fields":{"level":"info"}}
{"@message":"DB Connected on port: 27017...","@timestamp":"2026-05-22T14:29:42.717Z","@fields":{"level":"info"}}
{"@message":"DB Connected on port: 27017...","@timestamp":"2026-05-22T14:29:43.722Z","@fields":{"level":"info"}}
{"@message":"DB Connected on port: 27017...","@timestamp":"2026-05-22T14:29:44.717Z","@fields":{"level":"info"}}
{"@message":"DB Connected on port: 27017...","@timestamp":"2026-05-22T14:29:45.720Z","@fields":{"level":"info"}}
{"@message":"DB Connected on port: 27017...","@timestamp":"2026-05-22T14:29:46.720Z","@fields":{"level":"info"}}
{"@message":"DB Connected on port: 27017...","@timestamp":"2026-05-22T14:29:47.720Z","@fields":{"level":"info"}}
{"@message":"DB Connected on port: 27017...","@timestamp":"2026-05-22T14:29:48.727Z","@fields":{"level":"info"}}
{"@message":"DB Connected on port: 27017...","@timestamp":"2026-05-22T14:29:49.726Z","@fields":{"level":"info"}}
{"@message":"DB Connected on port: 27017...","@timestamp":"2026-05-22T14:29:50.728Z","@fields":{"level":"info"}}
{"@message":"DB Connected on port: 27017...","@timestamp":"2026-05-22T14:29:51.729Z","@fields":{"level":"info"}}
{"@message":"DB Connected on port: 27017...","@timestamp":"2026-05-22T14:29:52.730Z","@fields":{"level":"info"}}
{"@message":"DB Connected on port: 27017...","@timestamp":"2026-05-22T14:29:53.731Z","@fields":{"level":"info"}}
{"@message":"DB Connected on port: 27017...","@timestamp":"2026-05-22T14:29:54.731Z","@fields":{"level":"info"}}
{"@message":"DB Connected on port: 27017...","@timestamp":"2026-05-22T14:29:55.733Z","@fields":{"level":"info"}}
{"@message":"DB Connected on port: 27017...","@timestamp":"2026-05-22T14:29:56.743Z","@fields":{"level":"info"}}
{"@message":"DB Connected on port: 27017...","@timestamp":"2026-05-22T14:29:57.735Z","@fields":{"level":"info"}}
{"@message":"DB Connected on port: 27017...","@timestamp":"2026-05-22T14:29:58.735Z","@fields":{"level":"info"}}
{"@message":"DB Connected on port: 27017...","@timestamp":"2026-05-22T14:29:59.740Z","@fields":{"level":"info"}}
{"@message":"\u001b[39m\u001b[32mCommunicating with Spreadsheet...\n","@timestamp":"2026-05-22T14:30:00.737Z","@fields":{"level":"info"}}
{"@message":"DB Connected on port: 27017...","@timestamp":"2026-05-22T14:30:00.751Z","@fields":{"level":"info"}}
{"@message":"DB Connected on port: 27017...","@timestamp":"2026-05-22T14:30:01.742Z","@fields":{"level":"info"}}
{"@message":"DB Connected on port: 27017...","@timestamp":"2026-05-22T14:30:02.742Z","@fields":{"level":"info"}}
{"@message":"\u001b[39m\u001b[32mUpdated Report information....\n","@timestamp":"2026-05-22T14:30:03.617Z","@fields":{"level":"info"}}
{"@message":"DB Connected on port: 27017...","@timestamp":"2026-05-22T14:30:03.746Z","@fields":{"level":"info"}}
{"@message":"DB Connected on port: 27017...","@timestamp":"2026-05-22T14:30:04.744Z","@fields":{"level":"info"}}
{"@message":"DB Connected on port: 27017...","@timestamp":"2026-05-22T14:30:05.746Z","@fields":{"level":"info"}}
{"@message":"DB Connected on port: 27017...","@timestamp":"2026-05-22T14:30:06.749Z","@fields":{"level":"info"}}
{"@message":"DB Connected on port: 27017...","@timestamp":"2026-05-22T14:30:07.749Z","@fields":{"level":"info"}}
{"@message":"DB Connected on port: 27017...","@timestamp":"2026-05-22T14:30:08.751Z","@fields":{"level":"info"}}
{"@message":"DB Connected on port: 27017...","@timestamp":"2026-05-22T14:30:09.754Z","@fields":{"level":"info"}}
{"@message":"DB Connected on port: 27017...","@timestamp":"2026-05-22T14:30:10.754Z","@fields":{"level":"info"}}
{"@message":"DB Connected on port: 27017...","@timestamp":"2026-05-22T14:30:11.753Z","@fields":{"level":"info"}}
{"@message":"DB Connected on port: 27017...","@timestamp":"2026-05-22T14:30:12.754Z","@fields":{"level":"info"}}
{"@message":"DB Connected on port: 27017...","@timestamp":"2026-05-22T14:30:13.757Z","@fields":{"level":"info"}}
{"@message":"DB Connected on port: 27017...","@timestamp":"2026-05-22T14:30:14.757Z","@fields":{"level":"info"}}
{"@message":"DB Connected on port: 27017...","@timestamp":"2026-05-22T14:30:15.758Z","@fields":{"level":"info"}}
{"@message":"DB Connected on port: 27017...","@timestamp":"2026-05-22T14:30:16.759Z","@fields":{"level":"info"}}
{"@message":"DB Connected on port: 27017...","@timestamp":"2026-05-22T14:30:17.759Z","@fields":{"level":"info"}}
{"@message":"DB Connected on port: 27017...","@timestamp":"2026-05-22T14:30:18.762Z","@fields":{"level":"info"}}
{"@message":"DB Connected on port: 27017...","@timestamp":"2026-05-22T14:30:19.761Z","@fields":{"level":"info"}}
{"@message":"DB Connected on port: 27017...","@timestamp":"2026-05-22T14:30:20.764Z","@fields":{"level":"info"}}
{"@message":"DB Connected on port: 27017...","@timestamp":"2026-05-22T14:30:21.764Z","@fields":{"level":"info"}}
{"@message":"DB Connected on port: 27017...","@timestamp":"2026-05-22T14:30:22.815Z","@fields":{"level":"info"}}
{"@message":"DB Connected on port: 27017...","@timestamp":"2026-05-22T14:30:23.768Z","@fields":{"level":"info"}}
{"@message":"DB Connected on port: 27017...","@timestamp":"2026-05-22T14:30:24.766Z","@fields":{"level":"info"}}
{"@message":"DB Connected on port: 27017...","@timestamp":"2026-05-22T14:30:25.771Z","@fields":{"level":"info"}}
{"@message":"DB Connected on port: 27017...","@timestamp":"2026-05-22T14:30:26.770Z","@fields":{"level":"info"}}
{"@message":"DB Connected on port: 27017...","@timestamp":"2026-05-22T14:30:27.775Z","@fields":{"level":"info"}}
{"@message":"DB Connected on port: 27017...","@timestamp":"2026-05-22T14:30:28.771Z","@fields":{"level":"info"}}
{"@message":"DB Connected on port: 27017...","@timestamp":"2026-05-22T14:30:29.780Z","@fields":{"level":"info"}}
{"@message":"DB Connected on port: 27017...","@timestamp":"2026-05-22T14:30:30.778Z","@fields":{"level":"info"}}
{"@message":"DB Connected on port: 27017...","@timestamp":"2026-05-22T14:30:31.781Z","@fields":{"level":"info"}}
{"@message":"DB Connected on port: 27017...","@timestamp":"2026-05-22T14:30:32.779Z","@fields":{"level":"info"}}
{"@message":"DB Connected on port: 27017...","@timestamp":"2026-05-22T14:30:33.783Z","@fields":{"level":"info"}}
{"@message":"DB Connected on port: 27017...","@timestamp":"2026-05-22T14:30:34.783Z","@fields":{"level":"info"}}
{"@message":"DB Connected on port: 27017...","@timestamp":"2026-05-22T14:30:35.783Z","@fields":{"level":"info"}}
{"@message":"DB Connected on port: 27017...","@timestamp":"2026-05-22T14:30:36.789Z","@fields":{"level":"info"}}
{"@message":"DB Connected on port: 27017...","@timestamp":"2026-05-22T14:30:37.791Z","@fields":{"level":"info"}}
{"@message":"DB Connected on port: 27017...","@timestamp":"2026-05-22T14:30:38.787Z","@fields":{"level":"info"}}
{"@message":"DB Connected on port: 27017...","@timestamp":"2026-05-22T14:30:39.789Z","@fields":{"level":"info"}}
